DateTime,Depth_m,Temp_C,CDOM_ugL,Chla_ugL,Phycoerythrin_ugL,Phycocyanin_ugL,Turbidity_NTU,Cond_uScm,SpCond_uScm,DO_mgL,DOsat_percent,PAR,Salinity,DescRate_ms ,Flag
2024-07-08T09:47:53Z,-0.111,27.7441,30.96,5.7046,0.0852,0.9306,3.9505,33.257604,31.524,8.3918,107.044,654.82,1.5501725499208752,0.043,0
2024-07-08T09:47:53Z,-0.099,27.7447,30.96,5.6932,0.0852,0.9306,3.9354,33.269618,31.536,8.3969,107.111,605.94,1.5507767941436252,0.048,0
2024-07-08T09:47:53Z,-0.085,27.7449,30.96,5.7122,0.0852,0.9306,3.9505,33.289790000000004,31.556,8.4031,107.165,540.14,1.551809610466053,0.053,0
2024-07-08T09:47:53Z,-0.071,27.7443,30.96,5.7084,0.0852,0.9306,3.8598,33.305573,31.571,8.4099,107.195,560.46,1.5526082572067677,0.057,0
2024-07-08T09:47:53Z,-0.056,27.7432,31.05,5.7809,0.1278,0.9306,3.9807,33.3152,31.581,8.4162,107.182,539.9,1.5531630960528808,0.061,0
2024-07-08T09:47:53Z,-0.04,27.7419,31.05,5.7809,0.1278,0.9306,4.0411,33.321238,31.587,8.4217,107.107,511.58,1.5535164736611602,0.065,0
2024-07-08T09:47:53Z,-0.024,27.7407,31.05,5.7885,0.1278,0.9306,3.9203,33.31733,31.583,8.4261,106.984,455.43,1.5533468388695726,0.069,0
2024-07-08T09:47:53Z,-0.005,27.7397,31.05,5.758,0.1278,0.9306,3.9052,33.308408,31.575,8.4286,106.854,392.02,1.552962825886389,0.073,0
2024-07-08T09:47:53Z,0.015,27.7391,30.96,5.5139,0.0852,0.9729,3.8447,33.29807,31.566,8.4276,106.747,385.51,1.552513961792102,0.076,0
2024-07-08T09:47:53Z,0.036,27.7386,30.96,5.5253,0.0852,0.9729,3.9505,33.279576,31.548,8.4218,106.677,377.97,1.5515940776574473,0.078,0
2024-07-08T09:47:53Z,0.057,27.7381,30.96,5.4948,0.0852,0.9729,3.8901,33.269902,31.539,8.4122,106.658,398.98,1.5511419952254957,0.078,0
2024-07-08T09:47:53Z,0.077,27.7377,30.96,5.4986,0.0852,0.9729,3.9656,33.270453,31.539,8.402,106.696,397.51,1.551154523966051,0.076,0
2024-07-08T09:47:53Z,0.097,27.7374,31.05,5.5749,0.1278,0.9729,3.875,33.267434,31.537,8.3937,106.769,394.93,1.5510599049315048,0.073,0
2024-07-08T09:47:53Z,0.116,27.7373,31.05,5.5558,0.1278,0.9729,3.9656,33.271989,31.541,8.3882,106.836,366.4,1.5512707472881109,0.069,0
2024-07-08T09:47:53Z,0.133,27.7373,31.05,5.594,0.1278,0.9729,3.9505,33.283343,31.552,8.3868,106.864,362.52,1.5518422749600669,0.063,0
2024-07-08T09:47:53Z,0.149,27.7372,31.05,5.5978,0.1278,0.9729,3.9052,33.294563,31.563,8.3898,106.848,354.5,1.5524170541082667,0.057,0
2024-07-08T09:47:53Z,0.163,27.7371,30.96,5.9526,0.1278,0.9729,3.6937,33.296691,31.565,8.3955,106.802,344.17,1.5525240210079423,0.051,0
2024-07-08T09:47:53Z,0.175,27.7369,30.96,5.9526,0.1278,0.9729,3.7541,33.28631,31.555,8.4008,106.744,356.04,1.5520104594919977,0.045,0
2024-07-08T09:47:53Z,0.185,27.7367,30.96,5.9297,0.1278,0.9729,3.739,33.28057,31.549,8.4031,106.686,333.28,1.5517048417359909,0.041,0
2024-07-08T09:47:53Z,0.193,27.7367,30.96,5.9449,0.1278,0.9729,3.7239,33.281925,31.551,8.4018,106.645,324.98,1.55180868605011,0.038,0
2024-07-08T09:47:53Z,0.201,27.7367,30.96,5.7084,0.1278,0.9729,3.6937,33.266834,31.536,8.3982,106.63,327.61,1.5510288697792158,0.037,0
2024-07-08T09:47:53Z,0.21,27.7367,30.87,5.7084,0.1278,1.0575,3.6937,33.233263,31.505,8.3935,106.633,325.27,1.5494174445123914,0.038,0
2024-07-08T09:47:53Z,0.219,27.7367,30.87,5.7313,0.1278,1.0575,3.6332,33.216082,31.489,8.389,106.636,310.76,1.5485857222267136,0.04,0
2024-07-08T09:47:53Z,0.23,27.7366,30.87,5.716,0.1278,1.0575,3.6635,33.218676,31.492,8.3858,106.632,293.62,1.5487446974439774,0.042,0
2024-07-08T09:47:53Z,0.242,27.7364,30.87,5.5863,0.1278,1.0575,3.9354,33.22381,31.497,8.3847,106.619,283.71,1.549010795102806,0.044,0
2024-07-08T09:47:53Z,0.254,27.736,31.05,5.5863,0.1278,1.0998000000000001,3.9354,33.228869,31.502,8.3849,106.593,284.15,1.549283300951437,0.046,0
2024-07-08T09:47:53Z,0.266,27.7354,31.05,5.6054,0.1278,1.0998000000000001,3.9807,33.227235,31.501,8.3852,106.553,280.59,1.5492503733000798,0.046,0
2024-07-08T09:47:53Z,0.278,27.7348,31.05,5.5902,0.1278,1.0998000000000001,3.9656,33.22644,31.501,8.385,106.519,281.75,1.5492694071277364,0.047,0
2024-07-08T09:47:53Z,0.289,27.7342,31.05,5.8991,0.1278,1.0998000000000001,3.6786,33.232247,31.506,8.3842,106.518,283.04,1.5495483307014903,0.048,0
2024-07-08T09:47:53Z,0.301,27.7337,30.96,5.8915,0.1704,1.0998000000000001,3.6484,33.228278,31.503,8.3821,106.55,287.31,1.5494082453539786,0.05,0
2024-07-08T09:47:53Z,0.313,27.7333,30.96,5.903,0.1704,1.0998000000000001,3.6937,33.211483,31.487,8.379,106.593,287.37,1.548589232448414,0.052,0
2024-07-08T09:47:53Z,0.326,27.7329,30.96,5.8839,0.1704,1.0998000000000001,3.6937,33.205269,31.481,8.3765,106.625,292.6,1.5482899817839026,0.056,0
2024-07-08T09:47:53Z,0.341,27.7325,30.96,5.8724,0.1704,1.0998000000000001,3.9354,33.215946,31.492,8.3765,106.636,287.5,1.5488743301997658,0.059,0
2024-07-08T09:47:53Z,0.357,27.7321,30.96,5.8991,0.1704,1.0998000000000001,3.875,33.236402,31.512,8.3791,106.629,281.56,1.5499264986120014,0.063,0
2024-07-08T09:47:53Z,0.374,27.7317,30.96,5.903,0.1704,1.0998000000000001,3.9656,33.260141,31.535,8.3825,106.607,273.31,1.5511346693498052,0.066,0
2024-07-08T09:47:53Z,0.392,27.7311,30.96,5.8991,0.1704,1.0998000000000001,3.8598,33.277559,31.552,8.3851,106.568,265.58,1.552037400489604,0.068,0
2024-07-08T09:47:53Z,0.41,27.7305,30.96,5.7046,0.1704,1.0998000000000001,3.9052,33.2933,31.567,8.3861,106.515,264.31,1.5528362238181403,0.07,0
2024-07-08T09:47:53Z,0.428,27.7299,30.96,5.7199,0.1704,1.0998000000000001,3.8901,33.309572,31.583,8.3856,106.458,262.14,1.5536870706525359,0.071,0
2024-07-08T09:47:53Z,0.446,27.7292,30.96,5.7008,0.1278,1.0575,3.8901,33.320752,31.595,8.384,106.434,260.32,1.5543332190484975,0.072,0
2024-07-08T09:47:53Z,0.464,27.7285,30.96,5.7084,0.1278,1.0575,3.9203,33.31389,31.59,8.381,106.468,258.57,1.554095469504475,0.073,0
2024-07-08T09:47:53Z,0.483,27.7276,30.96,5.5139,0.1278,1.0575,3.8145,33.287153000000004,31.567,8.3769,106.541,253.57,1.5529282553349744,0.074,0
2024-07-08T09:47:53Z,0.502,27.7263,30.96,5.5215,0.1278,1.0575,3.8598,33.267274,31.55,8.3727,106.614,243.31,1.5520858232268067,0.076,0
2024-07-08T09:47:53Z,0.522,27.7244,30.96,5.5291,0.1278,1.0152,3.9354,33.272853,31.558,8.371,106.671,231.8,1.552562436334144,0.076,0
2024-07-08T09:47:53Z,0.542,27.7216,30.96,5.51,0.1278,1.0152,3.8901,33.285459,31.571,8.3741,106.712,228.05,1.5533279800926871,0.076,0
2024-07-08T09:47:53Z,0.562,27.718,30.96,5.304,0.1278,1.0152,3.9354,33.284551,31.572,8.3804,106.729,221.85,1.553495295767537,0.076,0
2024-07-08T09:47:53Z,0.581,27.7144,30.96,5.2888,0.1278,1.0152,3.9203,33.283831,31.574,8.3868,106.703,220.07,1.553714641548561,0.075,0
2024-07-08T09:47:53Z,0.6,27.7111,30.96,5.2812,0.1278,1.0998000000000001,3.8901,33.28709,31.58,8.3917,106.639,215.53,1.55413244203537,0.074,0
2024-07-08T09:47:53Z,0.618,27.7082,30.96,5.2812,0.1278,1.0998000000000001,3.9203,33.279263,31.576,8.3954,106.563,211.77,1.5540172954891287,0.073,0
2024-07-08T09:47:53Z,0.637,27.7051,30.96,5.1667,0.1278,1.0998000000000001,3.739,33.262246,31.564,8.3971,106.494,206.32,1.553492424957134,0.073,0
2024-07-08T09:47:53Z,0.655,27.7014,30.96,5.1743,0.1278,1.0998000000000001,3.603,33.245442,31.553,8.3956,106.429,202.5,1.5530387713140885,0.073,0
2024-07-08T09:47:53Z,0.674,27.6966,30.96,5.1362,0.1278,1.0998000000000001,3.739,33.236323,31.549,8.3914,106.35,198.4,1.5529845514564546,0.072,0
2024-07-08T09:47:53Z,0.692,27.6907,30.96,5.1591,0.1278,1.0998000000000001,3.739,33.232455,31.55,8.3863,106.244,196.04,1.5532257926600526,0.072,0
2024-07-08T09:47:53Z,0.711,27.6836,30.96,4.7967,0.1278,1.0998000000000001,3.6786,33.226831,31.55,8.3819,106.095,191.08,1.5534536009037254,0.071,0
2024-07-08T09:47:53Z,0.729,27.6758,30.96,4.7852,0.1278,1.0998000000000001,3.739,33.213969,31.544,8.3779,105.887,188.65,1.5533916837511799,0.07,0
2024-07-08T09:47:53Z,0.747,27.6678,30.96,4.8158,0.1278,1.0998000000000001,3.6635,33.186455,31.525,8.3729,105.627,188.32,1.5526594891737366,0.07,0
2024-07-08T09:47:53Z,0.764,27.6597,30.96,4.7738,0.1704,1.0575,3.6635,33.154876,31.503,8.3657,105.337,185.84,1.5517741145060109,0.069,0
2024-07-08T09:47:53Z,0.781,27.6511,30.96,4.9912,0.1704,1.0575,3.7994,33.140689,31.498,8.3552,105.049,181.53,1.551789655263619,0.068,0
2024-07-08T09:47:53Z,0.799,27.641,30.96,4.976,0.1704,1.0575,3.603,33.15206,31.516,8.3403,104.785,175.25,1.5530511759726726,0.065,0
2024-07-08T09:47:53Z,0.816,27.629,30.96,4.976,0.1704,1.0575,3.6937,33.174096,31.543,8.3216,104.539,171.56,1.5548432361795528,0.062,0
2024-07-08T09:47:53Z,0.832,27.6155,30.96,4.9874,0.1278,1.0575,3.6786,33.184787,31.558,8.3008,104.297,166.34,1.5560592393976347,0.058,0
2024-07-08T09:47:53Z,0.847,27.6014,30.96,5.4948,0.1278,1.0575,3.603,33.186983,31.562,8.2801,104.063,164.51,1.556721854782556,0.053,0
2024-07-08T09:47:53Z,0.86,27.5884,30.96,5.4719,0.1278,1.0575,3.6635,33.197205,31.572,8.2612,103.861,163.66,1.5576622513700018,0.047,0
2024-07-08T09:47:53Z,0.871,27.5781,30.96,5.4757,0.1278,1.0575,3.603,33.202244,31.576,8.2433,103.719,163.66,1.5582030468104209,0.042,0
2024-07-08T09:47:53Z,0.88,27.5715,30.96,5.4566,0.1278,1.0998000000000001,3.6635,33.17755,31.553,8.2252,103.652,162.91,1.5572162212580325,0.037,0
2024-07-08T09:47:53Z,0.889,27.5686,30.96,5.6092,0.1278,1.0998000000000001,3.603,33.142433,31.519,8.2073,103.651,163.41,1.555536161268839,0.033,0
2024-07-08T09:47:53Z,0.896,27.568,30.96,5.6054,0.1278,1.0998000000000001,3.6635,33.121387,31.499,8.1914,103.699,163.8,1.554512211495475,0.03,0
2024-07-08T09:47:53Z,0.903,27.5685,30.96,5.5863,0.1278,1.0998000000000001,3.7692,33.104818,31.482,8.1801,103.778,162.95,1.5536093641541453,0.028,0
2024-07-08T09:47:53Z,0.909,27.5689,30.96,5.594,0.1278,1.0998000000000001,3.7088,33.088307,31.466,8.1748,103.878,162.91,1.5527619248840072,0.027,0
2024-07-08T09:47:53Z,0.916,27.5691,30.96,5.4795,0.1278,1.0998000000000001,3.6937,33.079402,31.458,8.1747,103.995,162.95,1.55233818526809,0.027,0
2024-07-08T09:47:53Z,0.922,27.5692,30.96,5.4757,0.1278,1.0998000000000001,3.6635,33.065769,31.446,8.1785,104.106,164.33,1.551709069768466,0.028,0
2024-07-08T09:47:53Z,0.929,27.5697,30.96,5.4795,0.1278,1.0998000000000001,3.6937,33.045765,31.428,8.1846,104.18,162.38,1.5507542197471498,0.03,0
2024-07-08T09:47:53Z,0.936,27.5704,30.96,5.4795,0.1278,1.0998000000000001,3.8145,33.047915,31.433,8.1924,104.206,162.7,1.5509923658916407,0.032,0
2024-07-08T09:47:53Z,0.945,27.5706,30.96,5.3384,0.0852,1.0575,3.6937,33.070801,31.46,8.2016,104.191,161.64,1.5523938246490256,0.036,0
2024-07-08T09:47:53Z,0.954,27.5698,30.96,5.3498,0.0852,1.0575,3.6181,33.100608,31.496,8.2105,104.138,162.06,1.5542969408085845,0.04,0
2024-07-08T09:47:53Z,0.965,27.5673,30.96,5.346,0.0852,1.0575,3.6937,33.131341,31.533,8.2166,104.038,160,1.5563072288595603,0.044,0
2024-07-08T09:47:53Z,0.977,27.5621,30.96,5.3651,0.0852,1.0575,3.6635,33.149285,31.557,8.2195,103.875,156.9,1.557726795528485,0.048,0
2024-07-08T09:47:53Z,0.99,27.553,31.05,5.552,0.1278,1.1844,3.739,33.1652,31.578,8.2197,103.633,153.66,1.5591161677146812,0.052,0
2024-07-08T09:47:53Z,1.004,27.541,31.05,5.5177,0.1278,1.1844,3.6484,33.175364,31.593,8.2172,103.321,149.93,1.5602866874428325,0.055,0
2024-07-08T09:47:53Z,1.019,27.5281,31.05,5.5253,0.1278,1.1844,3.5879,33.154599,31.578,8.2112,102.957,147.93,1.5599205454774774,0.057,0
2024-07-08T09:47:53Z,1.034,27.5163,31.05,5.5367,0.1278,1.1844,3.6937,33.125256,31.556,8.2,102.555,145.28,1.5591530669320708,0.058,0
2024-07-08T09:47:53Z,1.049,27.5064,31.05,5.4719,0.1278,1.0998000000000001,3.739,33.113368,31.549,8.1824,102.134,142.75,1.5591072959951304,0.058,0
2024-07-08T09:47:53Z,1.064,27.4977,31.05,5.449,0.1278,1.0998000000000001,3.6635,33.095847,31.536,8.159,101.712,138.77,1.5587092577793635,0.058,0
2024-07-08T09:47:53Z,1.079,27.489,31.05,5.4948,0.1278,1.0998000000000001,3.6937,33.062046,31.507,8.1315,101.311,137.15,1.5574751426878721,0.058,0
2024-07-08T09:47:53Z,1.094,27.4802,31.05,5.4643,0.1278,1.0998000000000001,3.6635,33.028844,31.478,8.101,100.96,135.2,1.5562439057600432,0.058,0
2024-07-08T09:47:53Z,1.108,27.4723,31.05,5.6359,0.1278,1.0998000000000001,3.603,33.003323,31.455,8.0689,100.684,132.41,1.555296807560429,0.057,0
2024-07-08T09:47:53Z,1.123,27.4659,31.14,5.6512,0.1278,0.8883,3.6484,32.982658,31.438,8.0365,100.49,129.59,1.5546146305998707,0.056,0
2024-07-08T09:47:53Z,1.137,27.4612,31.14,5.6664,0.1278,0.8883,3.6937,32.973292,31.432,8.0055,100.377,127.61,1.554452426371451,0.055,0
2024-07-08T09:47:53Z,1.151,27.4576,31.14,5.6817,0.1278,0.8883,3.7692,32.98866,31.449,7.9783,100.334,123.94,1.5554569652080414,0.054,0
2024-07-08T09:47:53Z,1.165,27.4541,31.14,5.8152,0.1278,0.8883,3.6635,33.012942,31.475,7.957,100.321,123.25,1.5569289527871375,0.053,0
2024-07-08T09:47:53Z,1.178,27.4499,31.05,5.819,0.1704,0.8883,3.5879,33.012778,31.478,7.9422,100.294,122.26,1.557221329533292,0.052,0
2024-07-08T09:47:53Z,1.19,27.4453,31.05,5.8648,0.1704,0.8883,3.6937,32.98414,31.457,7.9339,100.226,122.45,1.5562717495467724,0.052,0
2024-07-08T09:47:53Z,1.203,27.4411,31.05,5.8381,0.1704,0.8883,3.6937,32.947278,31.433,7.9311,100.09,121.94,1.5551522713973505,0.053,0
2024-07-08T09:47:53Z,1.216,27.4368,31.05,5.8496,0.1704,0.8883,3.6635,32.896344,31.402,7.9306,99.847,119.48,1.5536698419656962,0.055,0
2024-07-08T09:47:53Z,1.231,27.4306,30.96,5.8419,0.1278,1.0575,3.6332,32.813771,31.351,7.9293,99.426,118.26,1.5512026285622418,0.058,0
2024-07-08T09:47:53Z,1.246,27.42,30.96,5.8419,0.1278,1.0575,3.6635,32.70941,31.293,7.9253,98.7,115.19,1.5485104656554718,0.061,0
2024-07-08T09:47:53Z,1.262,27.4019,30.96,5.8419,0.1278,1.0575,3.6332,32.601239,31.251,7.9169,97.475,113.18,1.5468951629901422,0.064,0
2024-07-08T09:47:53Z,1.279,27.3721,30.96,7.2953,0.1278,1.0575,3.4973,32.496262,31.229,7.9016,95.482,110.87,1.5467011570256546,0.066,0
2024-07-08T09:47:53Z,1.296,27.3256,31.05,7.3106,0.1278,0.9729,3.452,32.392371,31.211,7.8743,92.374,108.61,1.5472532343101046,0.068,0
2024-07-08T09:47:53Z,1.314,27.255,31.05,7.3259,0.1278,0.9729,3.4369,32.295715,31.196,7.826,87.78,104.8,1.548739716321619,0.068,0
2024-07-08T09:47:53Z,1.332,27.1522,31.05,7.3449,0.1278,0.9729,3.3915,32.206409,31.178,7.7422,81.575,103.02,1.551112350827186,0.069,0
2024-07-08T09:47:53Z,1.35,27.0222,31.05,7.6234,0.1278,0.9729,3.0139,32.116569,31.154,7.6004,74.113,100.87,1.5540592835836045,0.068,0
2024-07-08T09:47:53Z,1.367,26.8846,31.05,7.6463,0.1278,0.9729,2.9535,32.010202,31.114,7.3699,66.086,99.046,1.556420709708426,0.068,0
2024-07-08T09:47:53Z,1.384,26.7558,30.96,7.631,0.1278,1.0575,3.029,31.876865,31.049,7.0182,58.202,97.572,1.5571794609038665,0.067,0
2024-07-08T09:47:53Z,1.401,26.6413,30.96,7.6234,0.1278,1.0575,2.9384,31.740751,30.986,6.534,50.959,95.682,1.5575778076081932,0.067,0
2024-07-08T09:47:53Z,1.418,26.5363,30.96,7.1122,0.1278,1.0575,2.3039,31.597427,30.923,5.9462,44.59,93.707,1.5576644949465295,0.067,0
2024-07-08T09:47:53Z,1.435,26.4323,30.96,7.1199,0.1278,1.0575,2.2737,31.412653,30.823,5.3108,39.143,92.212,1.5557432732603544,0.067,0
2024-07-08T09:47:53Z,1.452,26.3245,30.78,7.1122,0.1278,1.0152,2.2283,31.198892,30.698,4.6852,34.517,90.289,1.5526008232099164,0.067,0
2024-07-08T09:47:53Z,1.469,26.2085,30.78,7.1275,0.1278,1.0152,2.2586,30.992746,30.582,4.1099,30.461,89.139,1.5501939489441914,0.067,0
2024-07-08T09:47:53Z,1.487,26.0817,30.78,6.0823,0.1278,1.0152,1.8809,30.800978,30.481,3.6037,26.663,87.602,1.5489332875832944,0.068,0
2024-07-08T09:47:53Z,1.504,25.9468,30.78,6.0861,0.1278,1.0152,1.8809,30.622235,30.39,3.1707,22.889,85.329,1.5484679341965957,0.068,0
2024-07-08T09:47:53Z,1.522,25.8063,30.6,6.0823,0.1278,1.0575,1.7903,30.464612,30.313,2.8028,19.061,83.986,1.5489371535266827,0.067,0
2024-07-08T09:47:53Z,1.539,25.6609,30.6,6.1013,0.1278,1.0575,1.8205,30.319928,30.238,2.4796,15.246,82.288,1.5496756975466475,0.067,0
2024-07-08T09:47:53Z,1.556,25.5144,30.6,5.4109,0.1278,1.0575,1.0954,30.161548,30.138,2.1758,11.614,81.046,1.5490935397043974,0.067,0
2024-07-08T09:47:53Z,1.573,25.3725,30.6,5.4109,0.1278,1.0575,1.0803,29.969143,30.005,1.8723,8.366,79.511,1.5465545750082452,0.066,0
2024-07-08T09:47:53Z,1.589,25.2412,30.42,5.4032,0.1278,0.9729,1.0652,29.749158,29.857,1.5625,5.687,78.669,1.5428280063652624,0.066,0
2024-07-08T09:47:53Z,1.606,25.127,30.42,5.4147,0.1278,0.9729,1.186,29.520596,29.711,1.2519,3.692,78.192,1.5386234904233171,0.067,0
2024-07-08T09:47:53Z,1.623,25.029,30.42,5.1972,0.1278,0.9729,1.0652,29.306143,29.579,0.9549,2.343,76.978,1.5346308199740777,0.068,0
2024-07-08T09:47:53Z,1.64,24.9298,30.42,5.201,0.1278,0.9729,1.0652,29.136233,29.49,0.6885,1.481,74.996,1.5330221237824757,0.069,0
2024-07-08T09:47:53Z,1.658,24.8092,30.42,5.243,0.1278,0.9729,1.0803,29.015337,29.447,0.4684,0.943,73.114,1.534644818092449,0.07,0
2024-07-08T09:47:53Z,1.676,24.6707,30.42,5.1858,0.1278,1.0152,1.1558,28.933118,29.434,0.3043,0.617,71.309,1.5385241404413372,0.07,0
2024-07-08T09:47:53Z,1.695,24.5295,30.42,4.1291,0.1278,1.0152,0.6422,28.895528,29.451,0.1932,0.416,68.843,1.5441745963524123,0.069,0
2024-07-08T09:47:53Z,1.713,24.3915,30.42,4.1444,0.1278,1.0152,0.5213,28.892539,29.49,0.1222,0.273,67.071,1.5509702352084445,0.067,0
2024-07-08T09:47:53Z,1.73,24.2594,30.42,4.1825,0.1278,1.0152,0.612,28.883525,29.514,0.0779,0.174,65.8,1.5567669400187771,0.064,0
2024-07-08T09:47:53Z,1.746,24.1425,29.79,4.1253,0.0852,0.9729,0.6422,28.84816,29.511,0.0511,0.157,64.92,1.5605670770349906,0.061,0
2024-07-08T09:47:53Z,1.761,24.0502,29.79,4.1444,0.0852,0.9729,0.34,28.80091,29.502,0.0345,0.287,64.807,1.5632077587285333,0.058,0
2024-07-08T09:47:53Z,1.774,23.9817,29.79,4.1138,0.0852,0.9729,0.2947,28.755063,29.503,0.0227,0.6,64.498,1.5656037258031266,0.056,0
2024-07-08T09:47:53Z,1.787,23.9263,29.79,4.1596,0.0852,0.9729,0.3098,28.71432,29.517,0.0145,1.062,63.815,1.5682864876518592,0.054,0
2024-07-08T09:47:53Z,1.801,23.8713,29.61,4.1405,0.0852,1.0575,0.3249,28.667816,29.532,0.0132,1.601,62.947,1.5710175645462126,0.054,0
2024-07-08T09:47:53Z,1.814,23.8067,29.61,4.0223,0.0852,1.0575,0.2494,28.621067,29.547,0.0244,2.134,62.213,1.5740855785071788,0.053,0
2024-07-08T09:47:53Z,1.828,23.7273,29.61,4.007,0.0852,1.0575,0.3854,28.599441,29.584,0.051,2.588,60.519,1.5789141134177533,0.053,0
2024-07-08T09:47:53Z,1.842,23.6341,29.61,4.0337,0.0852,1.0575,0.3854,28.603142,29.643,0.0904,2.918,59.257,1.5854818752271986,0.052,0
2024-07-08T09:47:53Z,1.856,23.5322,29.61,4.0223,0.0852,1.0152,0.3552,28.629172,29.72,0.1364,3.115,58.375,1.5933998068625512,0.051,0
2024-07-08T09:47:53Z,1.869,23.4286,29.61,3.6599,0.0852,1.0152,0.2796,28.670531,29.807,0.182,3.197,57.707,1.6019798915837782,0.05,0
2024-07-08T09:47:53Z,1.881,23.3304,29.61,3.6523,0.0852,1.0152,0.4156,28.712358,29.893,0.221,3.198,57.394,1.6103490636186597,0.048,0
2024-07-08T09:47:53Z,1.893,23.241,29.61,3.6599,0.0852,1.0152,0.3854,28.749875,29.973,0.2494,3.156,56.848,1.61809628711559,0.047,0
2024-07-08T09:47:53Z,1.904,23.1608,29.61,3.637,0.0852,1.0152,0.3552,28.775161,30.039,0.2665,3.107,56.002,1.6247418057876013,0.046,0
2024-07-08T09:47:53Z,1.916,23.0886,29.52,3.4882,0.0852,1.0575,0.3552,28.794958,30.098,0.2738,3.073,54.703,1.6307200540055924,0.046,0
2024-07-08T09:47:53Z,1.927,23.0211,29.52,3.4501,0.0852,1.0575,0.476,28.83844,30.181,0.2742,3.059,54.324,1.6379230770074038,0.045,0
2024-07-08T09:47:53Z,1.939,22.9557,29.52,3.473,0.0852,1.0575,0.3854,28.925168,30.307,0.2709,3.058,53.725,1.6475422324875815,0.046,0
2024-07-08T09:47:53Z,1.95,22.8921,29.52,3.4997,0.0852,1.0575,0.4005,29.038438,30.46,0.267,3.06,52.834,1.6586788846035758,0.046,0
2024-07-08T09:47:53Z,1.962,22.8309,29.34,3.3242,0.0852,0.9306,0.4458,29.162652,30.625,0.2644,3.056,51.957,1.6704524563027074,0.047,0
2024-07-08T09:47:53Z,1.974,22.7724,29.34,3.3433,0.0852,0.9306,0.3854,29.307037,30.813,0.2635,3.045,50.84,1.6834888592576231,0.047,0
2024-07-08T09:47:53Z,1.986,22.7165,29.34,3.3509,0.0852,0.9306,0.2947,29.464289,31.018,0.2637,3.025,49.64,1.6974490631591381,0.048,0
2024-07-08T09:47:53Z,1.999,22.6625,29.34,3.3433,0.0852,0.9306,0.4156,29.60664,31.213,0.2641,2.999,48.699,1.7107968908666713,0.05,0
2024-07-08T09:47:53Z,2.012,22.6094,28.71,3.4386,0.0426,0.7191,0.3854,29.728236,31.391,0.2641,2.968,48.33,1.723159613097681,0.051,0
2024-07-08T09:47:53Z,2.025,22.5545,28.71,3.4539,0.0426,0.7191,0.3552,29.855526,31.578,0.2633,2.933,47.497,1.7361487267811542,0.051,0
2024-07-08T09:47:53Z,2.038,22.4938,28.71,3.4653,0.0426,0.7191,0.3249,30.002536,31.787,0.2619,2.893,46.275,1.75068277203139,0.051,0
2024-07-08T09:47:53Z,2.052,22.425,28.71,3.4653,0.0426,0.7191,0.2947,30.168637,32.014,0.26,2.852,45.398,1.7666327848442287,0.051,0
2024-07-08T09:47:53Z,2.065,22.3491,28.71,3.7247,0.0426,0.7191,0.4609,30.338373,32.244,0.2577,2.812,44.703,1.7830972933329172,0.049,0
2024-07-08T09:47:53Z,2.077,22.27,28.44,3.6942,0.0852,0.6768,0.34,30.48531,32.449,0.255,2.771,44.471,1.7982865349954964,0.048,0
2024-07-08T09:47:53Z,2.089,22.1918,28.44,3.7057,0.0852,0.6768,0.3703,30.618756,32.641,0.2519,2.732,44.22,1.8127330208957348,0.046,0
2024-07-08T09:47:53Z,2.101,22.1165,28.44,3.7019,0.0852,0.6768,0.4156,30.744421,32.827,0.2488,2.697,43.771,1.8267611066436036,0.045,0
2024-07-08T09:47:53Z,2.112,22.0437,28.44,4.007,0.0852,0.6768,0.3854,30.857974,33.003,0.2456,2.667,43.129,1.8401459995145264,0.044,0
2024-07-08T09:47:53Z,2.122,21.9722,28.35,4.0261,0.0852,0.7614,0.2947,30.977742,33.187,0.2424,2.646,42.358,1.8539965571813928,0.043,0
2024-07-08T09:47:53Z,2.133,21.9004,28.35,4.0261,0.0852,0.7614,0.3552,31.101805,33.375,0.2393,2.637,41.313,1.8681448109305865,0.042,0
2024-07-08T09:47:53Z,2.143,21.8262,28.35,4.0375,0.0852,0.7614,0.4156,31.217435,33.55,0.2366,2.639,40.179,1.8816723906968724,0.042,0
2024-07-08T09:47:53Z,2.154,21.7487,28.35,4.3313,0.0852,0.7614,0.3552,31.32559,33.713,0.2343,2.654,40.831,1.8946753587371044,0.042,0
2024-07-08T09:47:53Z,2.165,21.6697,28.08,4.297,0.0852,0.6345,0.3552,31.423243,33.859,0.2328,2.68,40.884,1.9067767074605595,0.043,0
2024-07-08T09:47:53Z,2.176,21.5928,28.08,4.3313,0.0852,0.6345,0.3854,31.510543,33.991,0.2323,2.72,40.663,1.9179942777115124,0.043,0
2024-07-08T09:47:53Z,2.187,21.5212,28.08,4.316,0.0852,0.6345,0.4005,31.594834,34.118,0.2329,2.773,40.548,1.9287199337100742,0.044,0
2024-07-08T09:47:53Z,2.198,21.4569,28.08,6.9406,0.0852,0.6345,0.8537,31.682659,34.25,0.2345,2.837,40.486,1.9394591406484272,0.044,0
2024-07-08T09:47:53Z,2.21,21.4001,27.36,6.9978,0.0852,0.5922,0.8235,31.789472,34.404,0.2371,2.9,39.797,1.9512198967509595,0.045,0
2024-07-08T09:47:53Z,2.221,21.3484,27.36,6.9482,0.0852,0.5922,0.8537,31.91786,34.582,0.2409,2.95,38.933,1.9642296155883432,0.045,0
2024-07-08T09:47:53Z,2.233,21.2986,27.36,6.9101,0.0852,0.5922,0.8537,32.054259,34.77,0.2458,2.982,38.362,1.977790523135238,0.044,0
2024-07-08T09:47:53Z,2.245,21.2486,27.36,16.2791,0.0852,0.5922,1.8205,32.197197,34.963,0.2517,3.003,37.816,1.991697180843209,0.043,0
2024-07-08T09:47:53Z,2.256,21.1974,27.36,16.2791,0.0852,0.5922,1.7903,32.342963,35.156,0.2576,3.015,37.367,2.0056947592319085,0.042,0
2024-07-08T09:47:53Z,2.266,21.1449,27.18,16.302,0.0852,0.4653,1.8507,32.486608,35.343,0.2623,3.012,37.051,2.019425863670061,0.04,0
2024-07-08T09:47:53Z,2.276,21.0923,27.18,16.2944,0.0852,0.4653,1.6996,32.628592,35.526,0.2654,2.984,36.826,2.0329557687413202,0.039,0
2024-07-08T09:47:53Z,2.286,21.0418,27.18,15.1614,0.0852,0.4653,2.1528,32.749015,35.689,0.2675,2.923,36.739,2.0452082706779,0.037,0
2024-07-08T09:47:53Z,2.294,20.9961,27.18,15.1385,0.0852,0.4653,2.0622,32.820234,35.8,0.2688,2.827,36.516,2.0541021018535384,0.036,0
2024-07-08T09:47:53Z,2.303,20.956,27.18,15.1576,0.0426,0.6345,2.0471,32.861239,35.876,0.2687,2.696,36.208,2.060619062630406,0.035,0
2024-07-08T09:47:53Z,2.312,20.9182,27.18,15.1766,0.0426,0.6345,1.9866,32.912841,35.956,0.2664,2.531,35.816,2.067283025303805,0.034,0
2024-07-08T09:47:53Z,2.321,20.8778,27.18,16.3096,0.0426,0.6345,1.8809,33.004733,36.07,0.2612,2.344,35.276,2.076157772895816,0.034,0
2024-07-08T09:47:53Z,2.329,20.8344,27.18,16.2982,0.0426,0.6345,1.8356,33.153453,36.244,0.2528,2.162,35.062,2.0888606663565334,0.034,0
2024-07-08T09:47:53Z,2.338,20.7943,26.91,16.2791,0.0852,0.6345,1.8809,33.326955,36.454,0.2413,2.011,34.834,2.10363583551611,0.034,0
2024-07-08T09:47:53Z,2.346,20.7647,26.91,16.2982,0.0852,0.6345,1.8205,33.455978,36.628,0.2266,1.908,34.547,2.115726175813306,0.034,0
2024-07-08T09:47:53Z,2.354,20.7469,26.91,16.5271,0.0852,0.6345,2.1226,33.52712,36.742,0.21,1.853,34.442,2.1235803901348165,0.034,0
2024-07-08T09:47:53Z,2.363,20.7321,26.91,16.5538,0.0852,0.6345,2.1075,33.579268,36.834,0.1937,1.834,34.092,2.1299460018772027,0.035,0
2024-07-08T09:47:53Z,2.372,20.7068,26.91,16.5385,0.0426,0.5922,2.1377,33.596451,36.884,0.1802,1.842,33.834,2.1342555620044292,0.035,0
2024-07-08T09:47:53Z,2.381,20.6664,26.91,16.5271,0.0426,0.5922,2.1226,33.571295,36.88,0.1711,1.868,33.49,2.135996777977969,0.035,0
2024-07-08T09:47:53Z,2.39,20.6206,26.91,11.7968,0.0426,0.5922,2.2435,33.540916,36.866,0.1664,1.905,32.863,2.1373918551614355,0.035,0
2024-07-08T09:47:53Z,2.399,20.5773,26.91,11.7891,0.0426,0.5922,2.2888,33.527089,36.866,0.1649,1.952,32.353,2.1395275722057208,0.033,0
2024-07-08T09:47:53Z,2.408,20.5392,26.91,11.8158,0.0426,0.5922,2.2586,33.546046,36.901,0.1657,2.004,31.892,2.14356633263166,0.032,0
2024-07-08T09:47:53Z,2.416,20.5094,26.82,11.8311,0.0852,0.6345,2.2586,33.590891,36.968,0.1681,2.054,31.892,2.1491735076156875,0.03,0
2024-07-08T09:47:53Z,2.423,20.4861,26.82,8.867,0.0852,0.6345,1.9564,33.623785,37.03,0.1715,2.1,31.878,2.1541564904354327,0.028,0
2024-07-08T09:47:53Z,2.43,20.4669,26.82,8.8823,0.0852,0.6345,1.8809,33.62362,37.061,0.1758,2.138,31.892,2.1570264540413735,0.026,0
2024-07-08T09:47:53Z,2.436,20.45,26.82,8.8594,0.0852,0.6345,1.9111,33.608278,37.079,0.1806,2.161,31.733,2.1589810827441966,0.024,0
2024-07-08T09:47:53Z,2.442,20.4283,26.73,8.8747,0.0852,0.54990000000000006,1.9111,33.607529,37.111,0.1852,2.165,31.207,2.162042357558058,0.023,0
2024-07-08T09:47:53Z,2.448,20.3969,26.73,8.4627,0.0852,0.54990000000000006,1.8809,33.623162,37.154,0.1895,2.149,31.078,2.1662731094071357,0.021,0
2024-07-08T09:47:53Z,2.453,20.358,26.73,8.5199,0.0852,0.54990000000000006,1.8507,33.621498,37.168,0.193,2.113,30.957,2.169091361094773,0.02,0
2024-07-08T09:47:53Z,2.458,20.316,26.73,8.5123,0.0852,0.54990000000000006,1.8356,33.60807,37.16,0.1953,2.059,31.193,2.170706739502528,0.02,0
2024-07-08T09:47:53Z,2.463,20.276,26.82,8.5084,0.0852,0.6345,1.8658,33.613159,37.169,0.1958,1.996,31.2,2.173278418115711,0.019,0
2024-07-08T09:47:53Z,2.467,20.2444,26.82,11.9951,0.0852,0.6345,1.8054,33.626172,37.19,0.1944,1.937,31.18,2.176175269390031,0.019,0
2024-07-08T09:47:53Z,2.472,20.2255,26.82,11.9951,0.0852,0.6345,1.7752,33.638627,37.217,0.1912,1.889,31.132,2.178806564154668,0.02,0
2024-07-08T09:47:53Z,2.477,20.217,26.82,11.9951,0.0852,0.6345,1.8809,33.673765,37.275,0.1864,1.852,31.153,2.1828396394806373,0.021,0
2024-07-08T09:47:53Z,2.482,20.2124,26.91,11.9951,0.0852,0.8037,1.8507,33.75689,37.394,0.1807,1.83,31.159,2.1904678342596715,0.024,0
2024-07-08T09:47:53Z,2.488,20.2044,26.91,11.9532,0.0852,0.8037,2.0169,33.902202,37.595,0.1754,1.817,31.397,2.203372005242706,0.027,0
2024-07-08T09:47:53Z,2.495,20.1893,26.91,11.9455,0.0852,0.8037,2.0924,34.122554,37.899,0.1711,1.811,31.288,2.2230623996718557,0.031,0
2024-07-08T09:47:53Z,2.503,20.1669,26.91,11.9379,0.0852,0.8037,2.0471,34.403006,38.297,0.1679,1.804,31.098,2.249016988602921,0.035,0
2024-07-08T09:47:53Z,2.512,20.1355,26.91,11.9188,0.0852,0.8037,2.0471,34.702809,38.746,0.1659,1.787,30.836,2.278677935984162,0.039,0
2024-07-08T09:47:53Z,2.523,20.0897,27.27,9.5461,0.0852,1.0998000000000001,1.8205,34.95848,39.164,0.1649,1.756,30.456,2.3072410213114973,0.044,0
2024-07-08T09:47:53Z,2.535,20.0207,27.27,9.5499,0.0852,1.0998000000000001,1.8507,35.112693,39.471,0.1646,1.704,29.737,2.3301889185325457,0.048,0
2024-07-08T09:47:53Z,2.549,19.9197,27.27,9.5651,0.0852,1.0998000000000001,1.8809,35.184652,39.674,0.1642,1.627,29.136,2.348439210464724,0.051,0
2024-07-08T09:47:53Z,2.563,19.7869,27.27,9.5461,0.0852,1.0998000000000001,1.8205,35.20948,39.808,0.1631,1.519,28.238,2.36418410522929,0.054,0
2024-07-08T09:47:53Z,2.577,19.6346,27.45,6.6278,0.1278,2.538,1.9262,35.185825,39.871,0.1607,1.385,27.667,2.3766145545454656,0.055,0
2024-07-08T09:47:53Z,2.592,19.4814,27.45,6.6278,0.1278,2.538,1.8356,35.117337,39.871,0.1565,1.243,27.327,2.3851720634412827,0.055,0
2024-07-08T09:47:53Z,2.606,19.3424,27.45,6.624,0.1278,2.538,1.8205,35.017622,39.823,0.1498,1.107,26.932,2.3899212446182827,0.054,0
2024-07-08T09:47:53Z,2.621,19.2232,27.45,6.6507,0.1278,2.538,1.8507,34.905906,39.751,0.1401,0.984,26.165,2.392041064479287,0.053,0
2024-07-08T09:47:53Z,2.634,19.1219,27.36,6.0098,0.1278,2.0727,1.5939,34.80618,39.689,0.128,0.88,25.781,2.393795341190315,0.05,0
2024-07-08T09:47:53Z,2.647,19.035,27.36,6.0289,0.1278,2.0727,1.6543,34.723723,39.647,0.1151,0.805,25.524,2.3960215956599202,0.047,0
2024-07-08T09:47:53Z,2.658,18.9624,27.36,6.0021,0.1278,2.0727,1.5335,34.636545,39.604,0.1026,0.766,25.188,2.397377407020705,0.045,0
2024-07-08T09:47:53Z,2.669,18.9014,27.36,6.0174,0.1278,2.0727,1.6543,34.519407,39.541,0.0913,0.757,24.911,2.3967884846541136,0.042,0
2024-07-08T09:47:53Z,2.679,18.8442,27.27,6.4675,0.1278,2.7495,1.8507,34.378917,39.471,0.0817,0.768,24.943,2.39552940156831,0.041,0
2024-07-08T09:47:53Z,2.689,18.786,27.27,6.437,0.1278,2.7495,1.8054,34.241351,39.416,0.0749,0.788,24.981,2.3952909099193516,0.039,0
2024-07-08T09:47:53Z,2.698,18.7231,27.27,6.4599,0.1278,2.7495,1.8356,34.121811,39.381,0.0714,0.815,24.797,2.3966108549992224,0.039,0
2024-07-08T09:47:53Z,2.708,18.6453,27.27,6.437,0.1278,2.7495,1.8205,34.030247,39.367,0.0707,0.848,24.46,2.4001433091379245,0.038,0
2024-07-08T09:47:53Z,2.718,18.5448,27.27,6.479,0.1278,2.7495,1.8507,33.970124,39.374,0.0718,0.878,24.122,2.4063501252595794,0.038,0
2024-07-08T09:47:53Z,2.728,18.4304,27.36,4.6975,0.1278,2.4534,2.2132,33.921425,39.378,0.0739,0.905,23.945,2.4131878897121073,0.037,0
2024-07-08T09:47:53Z,2.737,18.3179,27.36,4.6746,0.1278,2.4534,2.1679,33.867176,39.358,0.0767,0.932,23.563,2.4183806948504696,0.036,0
2024-07-08T09:47:53Z,2.746,18.2174,27.36,4.6861,0.1278,2.4534,2.2435,33.820796,39.329,0.0799,0.956,23.323,2.4223100352197386,0.034,0
2024-07-08T09:47:53Z,2.755,18.1329,27.36,4.6441,0.1278,2.4534,2.2737,33.777887,39.297,0.0829,0.971,23.202,2.4251255325901107,0.033,0
2024-07-08T09:47:53Z,2.763,18.0668,27.45,3.9422,0.0852,2.5803,2.2737,33.725015,39.266,0.0856,0.977,23.278,2.426941845874855,0.032,0
2024-07-08T09:47:53Z,2.77,18.0203,27.45,3.9574,0.0852,2.5803,2.2132,33.669992,39.252,0.0882,0.974,23.399,2.4287349129620877,0.031,0
2024-07-08T09:47:53Z,2.778,17.993,27.45,3.9231,0.0852,2.5803,2.2737,33.606111,39.235,0.0905,0.965,23.435,2.429211504006664,0.03,0
2024-07-08T09:47:53Z,2.785,17.973,27.45,3.9613,0.0852,2.5803,2.2737,33.51235,39.182,0.0919,0.953,23.192,2.4268932660512696,0.031,0
2024-07-08T09:47:53Z,2.793,17.9397,27.36,3.4501,0.1278,2.2842,2.8326,33.39159,39.094,0.0926,0.943,22.901,2.4230450144589826,0.032,0
2024-07-08T09:47:53Z,2.801,17.8854,27.36,3.473,0.1278,2.2842,2.7873,33.269391,39.002,0.0924,0.934,22.807,2.4201513343565813,0.034,0
2024-07-08T09:47:53Z,2.81,17.8217,27.36,3.4844,0.1278,2.2842,2.7571,33.153005,38.917,0.0917,0.928,22.684,2.418259579700211,0.036,0
2024-07-08T09:47:53Z,2.819,17.7596,27.36,3.4501,0.1278,2.2842,2.6966,33.043263,38.841,0.0907,0.929,22.531,2.416862313693603,0.038,0
2024-07-08T09:47:53Z,2.829,17.7018,27.36,2.7329,0.1278,2.2842,2.7269,32.956712,38.788,0.0898,0.935,22.08,2.4167306146630754,0.04,0
2024-07-08T09:47:53Z,2.84,17.6458,27.45,2.7443,0.0852,2.538,2.7571,32.902139,38.765,0.089,0.941,21.611,2.418479740793412,0.041,0
2024-07-08T09:47:53Z,2.851,17.5893,27.45,2.7138,0.0852,2.538,2.8175,32.864988,38.75,0.0886,0.946,21.174,2.4207922242867315,0.042,0
2024-07-08T09:47:53Z,2.862,17.5321,27.45,2.7253,0.0852,2.538,2.7571,32.803484,38.705,0.0888,0.949,20.732,2.421157520540695,0.042,0
2024-07-08T09:47:53Z,2.873,17.4779,27.45,3.019,0.0852,2.538,2.9837,32.685291,38.604,0.0894,0.952,20.459,2.4176216389497527,0.041,0
2024-07-08T09:47:53Z,2.883,17.4335,27.63,3.0152,0.1278,1.8612,2.9837,32.536655,38.484,0.0901,0.955,20.286,2.412237469753718,0.041,0
2024-07-08T09:47:53Z,2.893,17.4011,27.63,3.0266,0.1278,1.8612,2.9232,32.381675,38.367,0.0906,0.955,20.028,2.4063412799674273,0.04,0
2024-07-08T09:47:53Z,2.903,17.3712,27.63,3.0114,0.1278,1.8612,2.893,32.177029,38.193,0.091,0.952,19.623,2.3964932773263325,0.039,0
2024-07-08T09:47:53Z,2.913,17.3285,27.63,3.2136,0.1278,1.8612,2.7269,31.902001,37.943,0.0914,0.951,19.419,2.382309926933605,0.039,0
2024-07-08T09:47:53Z,2.923,17.2662,27.54,3.1945,0.1278,1.8189,2.7722,31.608731,37.684,0.0918,0.953,19.327,2.368632907861672,0.039,0
2024-07-08T09:47:53Z,2.932,17.1931,27.54,3.2021,0.1278,1.8189,2.7571,31.332541,37.449,0.0919,0.953,19.356,2.3571441799834565,0.04,0
2024-07-08T09:47:53Z,2.942,17.1168,27.54,3.2212,0.1278,1.8189,2.742,31.079444,37.238,0.0918,0.952,18.821,2.3474080292468145,0.041,0
2024-07-08T09:47:53Z,2.953,17.0309,27.54,2.3629,0.1278,1.8189,3.4218,30.875553,37.078,0.0918,0.955,18.489,2.341605038591225,0.042,0
2024-07-08T09:47:53Z,2.964,16.9312,27.36,2.3629,0.1278,1.9881,3.4671,30.760099,37.008,0.0922,0.967,17.869,2.342612245206233,0.042,0
2024-07-08T09:47:53Z,2.976,16.8256,27.36,2.3934,0.1278,1.9881,3.5124,30.73615,37.024,0.0924,0.98,17.299,2.3497520286752436,0.042,0
2024-07-08T09:47:53Z,2.987,16.7231,27.36,2.3667,0.1278,1.9881,3.4218,30.73956,37.041,0.0925,0.991,16.701,2.3568118385213075,0.041,0
2024-07-08T09:47:53Z,2.998,16.6298,27.36,1.9204,0.1278,1.9881,3.9656,30.703524,36.991,0.0931,0.999,16.413,2.3588323190884086,0.04,0
2024-07-08T09:47:53Z,3.007,16.5531,27.36,1.9356,0.1278,1.9881,4.026,30.622419,36.898,0.0943,0.996,16.402,2.3569781717555505,0.038,0
2024-07-08T09:47:53Z,3.016,16.5036,27,1.9051,0.1278,2.0727,3.8901,30.522418,36.81,0.0957,0.981,16.546,2.3538775082731194,0.037,0
2024-07-08T09:47:53Z,3.024,16.489,27,1.928,0.1278,2.0727,3.8598,30.422661,36.743,0.0968,0.962,16.52,2.3501746047347125,0.037,0
2024-07-08T09:47:53Z,3.033,16.4967,27,1.8593,0.1278,2.0727,3.6484,30.32044,36.676,0.0976,0.943,16.268,2.3451811315815623,0.037,0
2024-07-08T09:47:53Z,3.043,16.4921,27,1.8555,0.1278,2.0727,3.6484,30.20642,36.594,0.0973,0.923,15.863,2.3398810275690076,0.039,0
2024-07-08T09:47:53Z,3.053,16.4544,26.82,1.886,0.0852,1.9881,3.7088,30.082059,36.504,0.0959,0.905,15.201,2.3359416174138357,0.04,0
2024-07-08T09:47:53Z,3.064,16.3945,26.82,1.8402,0.0852,1.9881,3.6332,29.961992,36.426,0.0942,0.892,14.994,2.3340882773630107,0.041,0
2024-07-08T09:47:53Z,3.075,16.331,26.82,1.8479,0.0852,1.9881,3.6332,29.86797,36.379,0.0924,0.886,14.602,2.334547063406104,0.042,0
2024-07-08T09:47:53Z,3.086,16.268,26.82,1.8746,0.0852,1.9881,3.6937,29.798815,36.353,0.0906,0.888,14.323,2.3364090875654075,0.043,0
2024-07-08T09:47:53Z,3.097,16.199,27,1.8288,0.0852,2.1996000000000002,3.6937,29.738076,36.328,0.0889,0.893,14.057,2.338690493125936,0.043,0
2024-07-08T09:47:53Z,3.108,16.1222,27,1.8517,0.0852,2.1996000000000002,3.6937,29.683497,36.307,0.0878,0.894,13.921,2.341703581948133,0.044,0
2024-07-08T09:47:53Z,3.119,16.0463,27,1.9738,0.0852,2.1996000000000002,3.6181,29.644421,36.31,0.0874,0.895,13.633,2.3463189117211356,0.044,0
2024-07-08T09:47:53Z,3.13,15.9808,27,1.9738,0.0852,2.1996000000000002,3.7239,29.634325,36.351,0.0877,0.898,13.462,2.3529522426463796,0.044,0
2024-07-08T09:47:53Z,3.141,15.9262,27,2.0005,0.0852,2.2419,3.6635,29.662462,36.429,0.0882,0.901,13.124,2.361511870118834,0.044,0
2024-07-08T09:47:53Z,3.153,15.8742,27,1.97,0.0852,2.2419,3.6332,29.716418,36.519,0.0885,0.902,12.737,2.370767870229722,0.044,0
2024-07-08T09:47:53Z,3.164,15.8176,27,1.783,0.0852,2.2419,3.4671,29.776724,36.596,0.0887,0.9,12.643,2.3794230968288943,0.044,0
2024-07-08T09:47:53Z,3.175,15.7583,27,1.7868,0.0852,2.2419,3.452,29.839549,36.672,0.089,0.894,12.569,2.388193633952151,0.045,0
2024-07-08T09:47:53Z,3.186,15.709,27,1.8021,0.0852,2.2419,3.5124,29.907706,36.768,0.0895,0.886,12.676,2.3977760164442987,0.046,0
2024-07-08T09:47:53Z,3.197,15.683,26.91,1.7678,0.1278,2.4111,3.4067,29.987422,36.903,0.0897,0.876,12.693,2.4086849388269242,0.048,0
2024-07-08T09:47:53Z,3.209,15.6796,26.91,2.0958,0.1278,2.4111,3.4671,30.076056,37.083,0.0894,0.869,12.431,2.421365292347507,0.051,0
2024-07-08T09:47:53Z,3.222,15.6816,26.91,2.1302,0.1278,2.4111,3.3915,30.151436,37.281,0.0888,0.865,12.027,2.4349726274703736,0.054,0
2024-07-08T09:47:53Z,3.237,15.6693,26.91,2.1073,0.1278,2.4111,3.5124,30.223699,37.494,0.088,0.866,11.664,2.4504991654871318,0.057,0
2024-07-08T09:47:53Z,3.253,15.6293,27,2.1111,0.1278,2.3265,3.452,30.312111,37.724,0.0871,0.874,11.49,2.468929683999865,0.058,0
2024-07-08T09:47:53Z,3.268,15.5521,27,2.1798,0.1278,2.3265,3.1952,30.394437,37.931,0.0865,0.892,11.18,2.4881162376826325,0.059,0
2024-07-08T09:47:53Z,3.284,15.4387,27,2.1798,0.1278,2.3265,3.2103,30.470719,38.11,0.0864,0.918,10.921,2.507698054529919,0.059,0
2024-07-08T09:47:53Z,3.3,15.3063,27,2.1874,0.1278,2.3265,3.1952,30.549347,38.273,0.0867,0.944,10.616,2.52747314505101,0.059,0
2024-07-08T09:47:53Z,3.314,15.1771,26.82,2.1569,0.1278,2.7918,3.2405,30.615437,38.409,0.0878,0.965,10.538,2.545268711993885,0.058,0
2024-07-08T09:47:53Z,3.328,15.0657,26.82,1.9928,0.1278,2.7918,3.029,30.682631,38.54,0.0899,0.976,10.561,2.5616706390594857,0.058,0
2024-07-08T09:47:53Z,3.342,14.977,26.82,1.97,0.1278,2.7918,2.9535,30.780795,38.71,0.0926,0.978,10.42,2.5794439026091616,0.058,0
2024-07-08T09:47:53Z,3.357,14.9086,26.82,1.989,0.1278,2.7918,2.9686,30.924155,38.936,0.0954,0.975,10.198,2.5999371191285854,0.059,0
2024-07-08T09:47:53Z,3.372,14.8537,26.64,1.9776,0.1278,2.8764,2.9686,31.09119,39.19,0.0976,0.966,10.014,2.6216012780457354,0.06,0
2024-07-08T09:47:53Z,3.387,14.8045,26.64,2.0691,0.1278,2.8764,3.0139,31.238807,39.416,0.0988,0.946,9.8068,2.640957746511795,0.061,0
2024-07-08T09:47:53Z,3.403,14.7569,26.64,2.0234,0.1278,2.8764,2.9232,31.354586,39.598,0.0991,0.92,9.569,2.6571222644289123,0.061,0
2024-07-08T09:47:53Z,3.42,14.7104,26.64,2.0501,0.1278,2.8764,3.0139,31.433549,39.733,0.0989,0.896,9.3004,2.669897639708514,0.062,0
2024-07-08T09:47:53Z,3.435,14.6659,26.64,2.0386,0.1278,2.8764,3.1801,31.480819,39.83,0.0981,0.875,9.236,2.67985050956548,0.062,0
2024-07-08T09:47:53Z,3.451,14.6253,26.37,2.2141,0.0852,3.7224,2.9535,31.540867,39.945,0.0961,0.859,9.24,2.6908485510094122,0.062,0
2024-07-08T09:47:53Z,3.467,14.5886,26.37,2.2179,0.0852,3.7224,2.9837,31.627713,40.095,0.0936,0.845,9.1064,2.7041116119339104,0.062,0
2024-07-08T09:47:53Z,3.482,14.5532,26.37,2.2141,0.0852,3.7224,2.9384,31.742606,40.279,0.0912,0.83,8.9729,2.7197526808969577,0.062,0
2024-07-08T09:47:53Z,3.499,14.5164,26.37,2.2217,0.0852,3.7224,2.9837,31.916182,40.534,0.0892,0.82,8.8221,2.7406271913225986,0.062,0
2024-07-08T09:47:53Z,3.515,14.4779,26.19,1.6533,0.1278,3.807,3.029,32.103107,40.801,0.0876,0.819,8.5819,2.7625326438582856,0.062,0
2024-07-08T09:47:53Z,3.531,14.4388,26.19,1.6762,0.1278,3.807,2.893,32.22376,40.975,0.0862,0.821,8.5521,2.7778275150244287,0.061,0
2024-07-08T09:47:53Z,3.547,14.4013,26.19,1.6724,0.1278,3.807,3.029,32.27247,41.047,0.0848,0.819,8.4212,2.7856800017405017,0.06,0
2024-07-08T09:47:53Z,3.562,14.3673,26.19,1.6877,0.1278,3.807,2.9081,32.288121,41.068,0.0838,0.815,8.3538,2.7896136349414205,0.059,0
2024-07-08T09:47:53Z,3.577,14.3389,26.82,1.6381,0.0852,3.9762,2.9384,32.308748,41.092,0.0838,0.814,8.2599,2.7933709739276833,0.057,0
2024-07-08T09:47:53Z,3.591,14.3189,26.82,1.6648,0.0852,3.9762,2.8628,32.359769,41.159,0.084,0.814,8.1423,2.7996437983316746,0.056,0
2024-07-08T09:47:53Z,3.605,14.3093,26.82,1.6686,0.0852,3.9762,2.9232,32.450808,41.286,0.0839,0.809,8.0159,2.8095203175513053,0.055,0
2024-07-08T09:47:53Z,3.619,14.3082,26.82,1.6533,0.0852,3.9762,3.0139,32.544394,41.426,0.0834,0.795,7.9534,2.8197328735742446,0.055,0
2024-07-08T09:47:53Z,3.633,14.31,26.82,1.7907,0.0852,3.9762,2.6664,32.633615,41.567,0.0833,0.778,7.9241,2.8298114024288545,0.055,0
2024-07-08T09:47:53Z,3.647,14.308,27,1.8059,0.1278,3.9762,2.8326,32.754211,41.753,0.0833,0.762,7.8846,2.843427093957258,0.056,0
2024-07-08T09:47:53Z,3.661,14.2978,27,1.7868,0.1278,3.9762,2.6966,32.888545,41.96,0.0828,0.753,7.6483,2.859169632169349,0.057,0
2024-07-08T09:47:53Z,3.676,14.2781,27,1.7945,0.1278,3.9762,2.7118,33.0087,42.151,0.0815,0.75,7.569,2.8744633760177853,0.057,0
2024-07-08T09:47:53Z,3.691,14.2516,27,1.9852,0.1278,3.9762,2.6966,33.122812,42.336,0.0797,0.752,7.331,2.889844009420229,0.057,0
2024-07-08T09:47:53Z,3.706,14.2217,27.36,1.9738,0.1278,3.384,2.8024,33.265295,42.557,0.0781,0.759,7.2094,2.9081199423586934,0.057,0
2024-07-08T09:47:53Z,3.721,14.1887,27.36,1.9547,0.1278,3.384,2.8175,33.432313,42.813,0.0773,0.77,7.1114,2.9292102290653874,0.056,0
2024-07-08T09:47:53Z,3.735,14.1535,27.36,1.9738,0.1278,3.384,2.742,33.580759,43.049,0.0771,0.778,7.0698,2.949052606254237,0.055,0
2024-07-08T09:47:53Z,3.748,14.1177,27.36,2.2408,0.1278,3.384,3.0894,33.702412,43.25,0.0773,0.78,6.9691,2.9664282098207355,0.054,0
2024-07-08T09:47:53Z,3.762,14.0816,28.08,2.2332,0.1278,3.5955,2.9384,33.811782,43.43,0.0781,0.779,6.8699,2.982328376664003,0.053,0
2024-07-08T09:47:53Z,3.775,14.0428,28.08,2.2294,0.1278,3.5955,2.9535,33.940026,43.634,0.0792,0.775,6.8311,3.0002258214387223,0.053,0
2024-07-08T09:47:53Z,3.788,14.0005,28.08,2.2408,0.1278,3.5955,3.0139,34.095448,43.881,0.0801,0.772,6.7441,3.0215866834960114,0.053,0
2024-07-08T09:47:53Z,3.802,13.9599,28.08,1.8746,0.1278,3.5955,3.0139,34.247781,44.134,0.0805,0.771,6.6337,3.0433084896964218,0.054,0
2024-07-08T09:47:53Z,3.815,13.9248,28.26,1.8593,0.0852,3.5532,2.9686,34.38187,44.368,0.0804,0.773,6.5877,3.0632528362024143,0.055,0
2024-07-08T09:47:53Z,3.83,13.8903,28.26,1.8898,0.0852,3.5532,3.0592,34.497612,44.577,0.0801,0.778,6.3571,3.0813520235902208,0.055,0
2024-07-08T09:47:53Z,3.844,13.8485,28.26,1.8593,0.0852,3.5532,2.9837,34.601967,44.768,0.0798,0.779,6.215,3.0987442324566197,0.056,0
2024-07-08T09:47:53Z,3.859,13.7982,28.26,1.989,0.0852,3.5532,2.8779,34.710809,44.962,0.0798,0.777,6.0748,3.117081797819037,0.056,0
2024-07-08T09:47:53Z,3.873,13.7447,28.26,1.9585,0.0852,3.5532,2.6966,34.835232,45.172,0.0802,0.769,5.9961,3.1369123350147694,0.055,0
2024-07-08T09:47:53Z,3.887,13.6928,28.8,1.9547,0.1278,3.6801,2.7269,34.956622,45.373,0.0807,0.759,5.8915,3.156004343911658,0.054,0
2024-07-08T09:47:53Z,3.901,13.6439,28.8,1.9852,0.1278,3.6801,2.7118,35.053562,45.537,0.081,0.744,5.7386,3.172159490369165,0.053,0
2024-07-08T09:47:53Z,3.914,13.5981,28.8,2.2294,0.1278,3.6801,3.1498,35.127996,45.668,0.0808,0.728,5.7063,3.185649656955286,0.052,0
2024-07-08T09:47:53Z,3.927,13.5562,28.8,2.2217,0.1278,3.6801,3.3462,35.183837,45.771,0.0801,0.717,5.6165,3.196766477660364,0.05,0
2024-07-08T09:47:53Z,3.94,13.5192,29.07,2.237,0.1278,3.6801,3.2254,35.22203,45.848,0.079,0.711,5.4684,3.205564033099116,0.049,0
2024-07-08T09:47:53Z,3.952,13.4866,29.07,2.2141,0.1278,3.6801,3.1801,35.236821,45.891,0.0775,0.707,5.4222,3.211477068162893,0.048,0
2024-07-08T09:47:53Z,3.964,13.4575,29.07,2.7024,0.1278,3.6801,3.1952,35.228171,45.902,0.0759,0.707,5.345,3.2147201721810834,0.048,0
2024-07-08T09:47:53Z,3.976,13.4317,29.07,2.7215,0.1278,3.6801,3.1649,35.213693,45.904,0.0748,0.707,5.2689,3.217020222162681,0.048,0
2024-07-08T09:47:53Z,3.988,13.4089,29.43,2.7138,0.1278,3.5955,3.1045,35.219408,45.931,0.0742,0.708,5.1826,3.220939835453638,0.048,0
2024-07-08T09:47:53Z,4,13.3886,29.43,2.6871,0.1278,3.5955,3.2103,35.240863,45.98,0.0739,0.712,5.0922,3.226299024613028,0.05,0
2024-07-08T09:47:53Z,4.012,13.3702,29.43,2.1149,0.1278,3.5955,3.1498,35.25788,46.023,0.0739,0.713,5.0646,3.2310557129396953,0.051,0
2024-07-08T09:47:53Z,4.025,13.3529,29.43,2.0997,0.1278,3.5955,3.2103,35.288943,46.085,0.0739,0.709,5.036,3.23714626917527,0.053,0
2024-07-08T09:47:53Z,4.039,13.3361,29.52,2.0997,0.1278,3.7224,3.2707,35.334366,46.162,0.074,0.706,4.8198,3.2443235864109212,0.055,0
2024-07-08T09:47:53Z,4.054,13.3191,29.52,2.1149,0.1278,3.7224,3.2707,35.374387,46.229,0.0744,0.705,4.6988,3.2507754044890325,0.057,0
2024-07-08T09:47:53Z,4.069,13.3015,29.52,2.1912,0.1278,3.7224,3.1649,35.417686,46.298,0.0746,0.7,4.6389,3.2574339727303263,0.058,0
2024-07-08T09:47:53Z,4.084,13.2841,29.52,2.1645,0.1278,3.7224,3.2858,35.475809,46.387,0.0742,0.697,4.5254,3.2655821669762415,0.06,0
2024-07-08T09:47:53Z,4.1,13.269,29.52,2.1683,0.1278,3.7224,3.316,35.552304,46.501,0.0739,0.698,4.5009,3.275418965935152,0.061,0
2024-07-08T09:47:53Z,4.115,13.257,31.59,2.1683,0.1278,3.5109,3.2556,35.639678,46.633,0.0738,0.703,4.4358,3.286351681998513,0.061,0
2024-07-08T09:47:53Z,4.131,13.2466,31.59,2.1683,0.1278,3.5109,3.7239,35.733341,46.778,0.0734,0.71,4.2611,3.2981328498992273,0.061,0
2024-07-08T09:47:53Z,4.147,13.236,31.59,2.1988,0.1278,3.5109,3.6635,35.850302,46.961,0.073,0.717,4.1514,3.3127967615715628,0.061,0
2024-07-08T09:47:53Z,4.163,13.2244,31.59,2.1645,0.1278,3.5109,3.7541,36.007804,47.203,0.0733,0.721,4.1047,3.3319978590556802,0.06,0
2024-07-08T09:47:53Z,4.179,13.2106,32.58,2.1645,0.0852,3.4263,3.739,36.227925,47.528,0.0738,0.722,4.0331,3.3576591646177882,0.059,0
2024-07-08T09:47:53Z,4.193,13.192,32.58,2.8397,0.0852,3.4263,3.9203,36.529519,47.961,0.0745,0.717,3.9826,3.3919164635354524,0.057,0
2024-07-08T09:47:53Z,4.207,13.1677,32.58,2.8321,0.0852,3.4263,3.9656,36.895392,48.479,0.0753,0.709,3.9542,3.4331565173720153,0.056,0
2024-07-08T09:47:53Z,4.221,13.1399,32.58,2.8664,0.0852,3.4263,3.9505,37.245798,48.978,0.0758,0.701,3.9319,3.4733624740312026,0.055,0
2024-07-08T09:47:53Z,4.235,13.110900000000001,32.13,2.8473,0.1278,3.2571,3.9354,37.461002,49.296,0.0759,0.692,3.8557,3.5000607264637464,0.055,0
2024-07-08T09:47:53Z,4.249,13.0815,32.13,2.4926,0.1278,3.2571,3.4822,37.514713,49.399,0.0755,0.683,3.7573,3.5105512147381175,0.054,0
2024-07-08T09:47:53Z,4.263,13.0515,32.13,2.4735,0.1278,3.2571,3.4218,37.487002,49.391,0.0747,0.674,3.7175,3.512694007900536,0.054,0
2024-07-08T09:47:53Z,4.277,13.0218,32.13,2.5002,0.1278,3.2571,3.5124,37.464117,49.388,0.0738,0.669,3.6053,3.5151914073963466,0.053,0
2024-07-08T09:47:53Z,4.291,12.9941,33.12,2.4735,0.1278,3.4263,3.5124,37.475817,49.426,0.0729,0.672,3.5881,3.5206224202766645,0.052,0
2024-07-08T09:47:53Z,4.304,12.9691,33.12,2.2904,0.1278,3.4263,3.1952,37.503305,49.481,0.072,0.678,3.5125,3.5271042975807596,0.051,0
2024-07-08T09:47:53Z,4.317,12.9463,33.12,2.3018,0.1278,3.4263,3.2556,37.547936,49.556,0.0711,0.684,3.4867,3.5349127103797024,0.049,0
2024-07-08T09:47:53Z,4.329,12.9258,33.12,2.2866,0.1278,3.4263,3.1801,37.617625,49.662,0.0706,0.691,3.4125,3.544877474963174,0.048,0
2024-07-08T09:47:53Z,4.341,12.9082,33.12,2.2942,0.1278,3.4263,3.2707,37.703065,49.791,0.0709,0.698,3.3999,3.5563363013446088,0.048,0
2024-07-08T09:47:53Z,4.353,12.8936,34.74,2.3591,0.0852,3.384,3.9656,37.789183,49.924,0.0716,0.699,3.3925,3.5678322514605125,0.048,0
2024-07-08T09:47:53Z,4.365,12.8816,34.74,2.3476,0.0852,3.384,3.9052,37.855113,50.031,0.0722,0.691,3.3398,3.5771123742578745,0.049,0
2024-07-08T09:47:53Z,4.377,12.8704,34.74,2.3552,0.0852,3.384,3.9505,37.888549,50.097,0.073,0.678,3.2652,3.5831963130700712,0.051,0
2024-07-08T09:47:53Z,4.39,12.8581,34.74,2.3781,0.0852,3.384,3.9354,37.886453,50.118,0.0738,0.667,3.2759,3.5859530371078403,0.052,0
2024-07-08T09:47:53Z,4.404,12.8441,36.18,2.3858,0.0852,3.4263,4.736,37.844282,50.086,0.074,0.66,3.2187,3.5848247639117012,0.054,0
2024-07-08T09:47:53Z,4.418,12.8288,36.18,2.3476,0.0852,3.4263,4.6454,37.77669,50.021,0.0732,0.657,3.1216,3.5812974771977455,0.055,0
2024-07-08T09:47:53Z,4.433,12.8123,36.18,2.3743,0.0852,3.4263,4.6756,37.721437,49.972,0.0718,0.657,3.0705,3.5791025291168728,0.055,0
2024-07-08T09:47:53Z,4.447,12.7947,36.18,2.3667,0.0852,3.4263,4.6152,37.697659,49.964,0.0706,0.658,3.0097,3.5801424399177852,0.055,0
2024-07-08T09:47:53Z,4.461,12.7765,37.8,2.4735,0.1278,3.4263,3.9505,37.699014,49.991,0.0699,0.662,3.0117,3.5839157897105767,0.055,0
2024-07-08T09:47:53Z,4.475,12.7581,37.8,2.4849,0.1278,3.4263,3.9807,37.721878,50.045,0.0696,0.67,2.9591,3.5897772614091004,0.054,0
2024-07-08T09:47:53Z,4.489,12.7398,37.8,2.5155,0.1278,3.4263,3.8598,37.784302,50.152,0.0696,0.676,2.8987,3.5996927125699734,0.054,0
2024-07-08T09:47:53Z,4.502,12.7215,37.8,2.4582,0.1278,3.4263,3.8598,37.896953,50.324,0.0697,0.673,2.8149,3.614599091062271,0.053,0
2024-07-08T09:47:53Z,4.516,12.7031,37.8,2.5422,0.1278,3.4263,3.6635,38.022133,50.513,0.0702,0.664,2.8481,3.630836330091525,0.052,0
2024-07-08T09:47:53Z,4.529,12.6848,40.23,2.5307,0.1278,3.4263,3.7692,38.127473,50.676,0.0711,0.652,2.7953,3.645088560091113,0.051,0
2024-07-08T09:47:53Z,4.542,12.6673,40.23,2.5422,0.1278,3.4263,3.7239,38.225124,50.827,0.0717,0.643,2.7063,3.6583590363279224,0.051,0
2024-07-08T09:47:53Z,4.555,12.6503,40.23,2.5269,0.1278,3.4263,3.603,38.331165,50.987,0.0715,0.637,2.7139,3.6722877034998653,0.05,0
2024-07-08T09:47:53Z,4.567,12.6332,40.23,2.3552,0.1278,3.4263,3.5124,38.426054,51.129,0.0705,0.637,2.6672,3.6848571636515777,0.049,0
2024-07-08T09:47:53Z,4.58,12.6163,42.75,2.3667,0.1278,3.4686,3.5275,38.473329,51.204,0.0693,0.644,2.6269,3.6922652750816356,0.049,0
2024-07-08T09:47:53Z,4.592,12.6005,42.75,2.3667,0.1278,3.4686,3.5426,38.465674,51.205,0.0683,0.652,2.6235,3.6938767867333646,0.049,0
2024-07-08T09:47:53Z,4.604,12.5865,42.75,2.3438,0.1278,3.4686,3.4369,38.432925,51.174,0.0677,0.659,2.6087,3.692850306707122,0.049,0
2024-07-08T09:47:53Z,4.616,12.5749,42.75,2.3018,0.1278,3.4686,3.2103,38.422136,51.171,0.0678,0.665,2.6121,3.6937463231329817,0.049,0
2024-07-08T09:47:53Z,4.628,12.5656,45.99,2.3095,0.1278,3.0033,3.2103,38.442385,51.208,0.0685,0.668,2.566,3.6975007749872995,0.05,0
2024-07-08T09:47:53Z,4.641,12.5574,45.99,2.3056,0.1278,3.0033,3.1498,38.463207,51.242,0.0694,0.666,2.488,3.7009187450158905,0.051,0
2024-07-08T09:47:53Z,4.655,12.5485,45.99,2.2942,0.1278,3.0033,3.2405,38.470231,51.255,0.0702,0.656,2.4177,3.7027876928915995,0.051,0
2024-07-08T09:47:53Z,4.668,12.5397,45.99,2.298,0.1278,3.0033,2.6966,38.4733,51.261,0.0708,0.642,2.4093,3.704107958357179,0.052,0
2024-07-08T09:47:53Z,4.681,12.5325,47.52,2.3133,0.1278,3.1302,2.7118,38.473232,51.261,0.0711,0.63,2.3874,3.7048098589190595,0.052,0
2024-07-08T09:47:53Z,4.694,12.5276,47.52,2.2866,0.1278,3.1302,2.7118,38.46204,51.25,0.0708,0.623,2.3585,3.7044390624427064,0.052,0
2024-07-08T09:47:53Z,4.707,12.525,47.52,2.2866,0.1278,3.1302,2.742,38.452678,51.247,0.0698,0.62,2.3657,3.7044607303088375,0.053,0
2024-07-08T09:47:53Z,4.72,12.5242,47.52,2.2484,0.1278,3.1302,2.5909,38.46656,51.286,0.0684,0.621,2.3068,3.7075465375272265,0.054,0
2024-07-08T09:47:53Z,4.734,12.5239,47.52,2.2484,0.1278,3.1302,2.4852,38.515356,51.383,0.0671,0.625,2.2685,3.715058484189253,0.056,0
2024-07-08T09:47:53Z,4.748,12.5214,46.62,2.2294,0.1278,2.7072,2.5305,38.600123,51.534,0.0664,0.626,2.243,3.726954821421186,0.057,0
2024-07-08T09:47:53Z,4.763,12.5142,46.62,2.2294,0.1278,2.7072,2.4549,38.71557,51.726,0.066,0.627,2.1958,3.742484261920167,0.059,0
2024-07-08T09:47:53Z,4.779,12.4993,46.62,2.0997,0.1278,2.7072,2.2888,38.872558,51.97,0.0662,0.625,2.107,3.762804993364727,0.06,0
2024-07-08T09:47:53Z,4.794,12.4761,46.62,2.1378,0.1278,2.7072,2.2435,39.075092,52.276,0.0666,0.62,2.1097,3.7887728612392846,0.06,0
2024-07-08T09:47:53Z,4.81,12.4484,45.63,2.1073,0.1704,2.961,2.2737,39.27158,52.574,0.0668,0.618,2.0765,3.8146168075617535,0.061,0
2024-07-08T09:47:53Z,4.825,12.4214,45.63,2.1073,0.1704,2.961,2.2586,39.438702,52.833,0.0669,0.619,2.0671,3.8374135791095134,0.061,0
2024-07-08T09:47:53Z,4.841,12.3964,45.63,2.3591,0.1704,2.961,1.7752,39.621025,53.108,0.0668,0.617,1.9835,3.8612884184624936,0.06,0
2024-07-08T09:47:53Z,4.856,12.3718,45.63,2.3514,0.1704,2.961,1.7903,39.81536,53.397,0.0663,0.615,1.9603,3.8862502184570604,0.06,0
2024-07-08T09:47:53Z,4.871,12.3464,47.25,2.3285,0.0852,2.7495,1.8205,39.979881,53.643,0.0661,0.618,1.9569,3.9079915889182875,0.06,0
2024-07-08T09:47:53Z,4.887,12.3219,47.25,2.3362,0.0852,2.7495,1.9111,40.120601,53.855,0.0662,0.625,1.8991,3.927027798381506,0.06,0
2024-07-08T09:47:53Z,4.902,12.2998,47.25,1.8059,0.0852,2.7495,1.6241,40.24117,54.04,0.066,0.628,1.8905,3.9437387297339797,0.06,0
2024-07-08T09:47:53Z,4.917,12.2803,47.25,1.7868,0.0852,2.7495,1.5939,40.302004,54.144,0.0659,0.629,1.8603,3.953883112457974,0.06,0
2024-07-08T09:47:53Z,4.932,12.2626,48.6,1.8059,0.1278,2.8341,1.5939,40.301393,54.165,0.0663,0.627,1.8156,3.957373422287149,0.061,0
2024-07-08T09:47:53Z,4.947,12.246,48.6,1.8212,0.1278,2.8341,1.6241,40.247144,54.114,0.067,0.626,1.7905,3.955131116058447,0.062,0
2024-07-08T09:47:53Z,4.963,12.2301,48.6,1.68,0.1278,2.8341,1.2918,40.118813,53.965,0.0673,0.625,1.7882,3.94516224061385,0.063,0
2024-07-08T09:47:53Z,4.979,12.2146,48.6,1.6838,0.1278,2.8341,1.2615,39.953909,53.77,0.0674,0.622,1.7444,3.9315538124194878,0.065,0
2024-07-08T09:47:53Z,4.996,12.1995,48.6,1.6419,0.1278,2.8341,1.3975,39.806097,53.6,0.0672,0.622,1.6951,3.9198491182895223,0.066,0
2024-07-08T09:47:53Z,5.013,12.1843,48.96,1.6877,0.1278,2.8341,1.2918,39.66983,53.444,0.0671,0.627,1.6379,3.9092419584390066,0.067,0
2024-07-08T09:47:53Z,5.031,12.1678,48.96,1.7258,0.1278,2.8341,1.8205,39.540653,53.296,0.067,0.632,1.5669,3.8993881442502363,0.068,0
2024-07-08T09:47:53Z,5.049,12.1492,48.96,1.7525,0.1278,2.8341,1.8507,39.437914,53.182,0.0668,0.632,1.5476,3.89240150956173,0.068,0
2024-07-08T09:47:53Z,5.066,12.1295,48.96,1.7716,0.1278,2.8341,1.9111,39.362112,53.103,0.0668,0.623,1.5466,3.8882586053125574,0.067,0
2024-07-08T09:47:53Z,5.083,12.1102,47.52,1.7373,0.0852,2.8764,1.8205,39.310964,53.055,0.0673,0.607,1.4661,3.8864949300377454,0.065,0
2024-07-08T09:47:53Z,5.1,12.0921,47.52,1.7105,0.0852,2.8764,1.7903,39.284779,53.037,0.068,0.588,1.4562,3.886952968557656,0.064,0
2024-07-08T09:47:53Z,5.116,12.0751,47.52,1.722,0.0852,2.8764,1.8658,39.26661,53.028,0.068,0.574,1.4098,3.8880021308144133,0.062,0
2024-07-08T09:47:53Z,5.131,12.0591,47.52,1.7296,0.0852,2.8764,1.8658,39.241651,53.007,0.0671,0.568,1.4065,3.8880089888866882,0.061,0
2024-07-08T09:47:53Z,5.146,12.0446,45.81,1.7373,0.1278,2.5803,1.8507,39.217191,52.985,0.0654,0.57,1.4061,3.887782380105185,0.06,0
2024-07-08T09:47:53Z,5.161,12.0321,45.81,1.7067,0.1278,2.5803,1.5788,39.196671,52.967,0.0633,0.576,1.3774,3.8876623599023405,0.06,0
2024-07-08T09:47:53Z,5.176,12.0216,45.81,1.7525,0.1278,2.5803,1.5939,39.148717,52.91,0.0618,0.585,1.3197,3.8842786493567187,0.06,0
2024-07-08T09:47:53Z,5.191,12.0128,45.81,1.7373,0.1278,2.5803,1.6241,39.076478,52.817,0.0612,0.595,1.2813,3.877896048583513,0.06,0
2024-07-08T09:47:53Z,5.207,12.0052,45.81,1.7258,0.1278,2.5803,1.5637,39.032422,52.759,0.0614,0.602,1.2633,3.8741316247144844,0.06,0
2024-07-08T09:47:53Z,5.222,11.9984,43.56,1.7411,0.0852,2.5803,1.6241,39.018748,52.738,0.0621,0.605,1.2106,3.873184560447993,0.06,0
2024-07-08T09:47:53Z,5.238,11.9929,43.56,1.7411,0.0852,2.5803,1.6543,39.019855,52.737,0.0631,0.608,1.1501,3.8736716851822104,0.06,0
2024-07-08T09:47:53Z,5.253,11.9894,43.56,1.7373,0.0852,2.5803,1.5486,39.044008,52.767,0.0641,0.613,1.1384,3.8763841004717836,0.059,0
2024-07-08T09:47:53Z,5.268,11.9885,43.56,1.7449,0.0852,2.5803,1.4428,39.073737,52.807,0.0649,0.625,1.1169,3.879613346023718,0.058,0
2024-07-08T09:47:53Z,5.283,11.9897,42.12,1.6075,0.0852,2.3688,1.6543,39.085093,52.827,0.0652,0.641,1.1441,3.881057375817175,0.058,0
2024-07-08T09:47:53Z,5.297,11.9919,42.12,1.6266,0.0852,2.3688,1.6543,39.077117,52.827,0.0655,0.65,1.0874,3.880829576172715,0.057,0
2024-07-08T09:47:53Z,5.311,11.9938,42.12,1.6114,0.0852,2.3688,1.5939,39.059638,52.82,0.0661,0.649,1.0587,3.880083774948018,0.057,0
2024-07-08T09:47:53Z,5.326,11.9936,42.12,1.6381,0.0852,2.3688,1.5939,39.043933,52.82,0.0673,0.643,1.0416,3.8801036186317375,0.057,0
2024-07-08T09:47:53Z,5.341,11.99,42.3,1.5732,0.0852,2.0304,1.4126,39.041755,52.841,0.0691,0.628,1.0239,3.8821212878651528,0.057,0
2024-07-08T09:47:53Z,5.356,11.9825,42.3,1.5541,0.0852,2.0304,1.3975,39.044551,52.87,0.0701,0.608,1.033,3.885169896870777,0.057,0
2024-07-08T09:47:53Z,5.371,11.9712,42.3,1.558,0.0852,2.0304,1.3673,39.033141,52.879,0.07,0.589,0.95676,3.8870430929320663,0.056,0
2024-07-08T09:47:53Z,5.385,11.9565,42.3,1.558,0.0852,2.0304,1.3371,39.004482,52.865,0.0694,0.575,0.91906,3.8874634001324693,0.055,0
2024-07-08T09:47:53Z,5.399,11.9397,41.67,1.68,0.0852,2.1573,1.0954,38.958901,52.827,0.0678,0.571,0.89366,3.8862161399472313,0.054,0
2024-07-08T09:47:53Z,5.413,11.9223,41.67,1.6838,0.0852,2.1573,1.0803,38.904168,52.775,0.0656,0.582,0.89327,3.8839297682471567,0.053,0
2024-07-08T09:47:53Z,5.426,11.9049,41.67,1.6877,0.0852,2.1573,1.1407,38.853581,52.728,0.0636,0.597,0.88477,3.882034282058404,0.052,0
2024-07-08T09:47:53Z,5.438,11.8877,41.67,1.6877,0.0852,2.1573,1.1407,38.823537,52.709,0.0621,0.601,0.88689,3.8823180148391017,0.051,0
2024-07-08T09:47:53Z,5.451,11.8711,41.67,1.5465,0.0852,2.1573,1.1256,38.812,52.716,0.0617,0.599,0.88246,3.8845851062476813,0.05,0
2024-07-08T09:47:53Z,5.464,11.8553,41.58,1.5465,0.0852,1.9881,1.1558,38.803939,52.728,0.0629,0.594,0.884,3.887164532446726,0.05,0
2024-07-08T09:47:53Z,5.477,11.8402,41.58,1.5541,0.0852,1.9881,1.0198,38.823107,52.777,0.0645,0.587,0.84328,3.8925867500798823,0.051,0
2024-07-08T09:47:53Z,5.49,11.8251,41.58,1.5541,0.0852,1.9881,1.0954,38.874613,52.871,0.0651,0.573,0.86031,3.9015585687149157,0.051,0
2024-07-08T09:47:53Z,5.503,11.8096,41.58,1.4016,0.0852,1.9881,1.0803,38.904447,52.935,0.0648,0.559,0.84917,3.9082153708998435,0.052,0
2024-07-08T09:47:53Z,5.516,11.7938,41.76,1.4206,0.0852,2.0727,1.1407,38.898649,52.95,0.0644,0.553,0.79333,3.9110449431178056,0.052,0
2024-07-08T09:47:53Z,5.53,11.7775,41.76,1.4473,0.0852,2.0727,1.1709,38.899505,52.972,0.0636,0.557,0.77881,3.9144811809260895,0.052,0
2024-07-08T09:47:53Z,5.543,11.761,41.76,1.4435,0.0852,2.0727,1.1256,38.93713,53.042,0.0621,0.567,0.76973,3.921730173827027,0.052,0
2024-07-08T09:47:53Z,5.557,11.7447,41.76,1.6037,0.0852,2.0727,1.0954,39.015581,53.165,0.0606,0.577,0.78119,3.9331512687025962,0.052,0
2024-07-08T09:47:53Z,5.57,11.729,41.94,1.6152,0.0852,2.3688,1.0349,39.113934,53.312,0.06,0.582,0.75024,3.946417681651526,0.051,0
2024-07-08T09:47:53Z,5.583,11.7144,41.94,1.6037,0.0852,2.3688,1.0954,39.22853,53.48,0.0604,0.584,0.75712,3.9612422180059528,0.051,0
2024-07-08T09:47:53Z,5.596,11.7016,41.94,1.6037,0.0852,2.3688,1.1709,39.348086,53.654,0.0615,0.586,0.71398,3.976365241457099,0.051,0
2024-07-08T09:47:53Z,5.608,11.6906,41.94,1.5122,0.0852,2.3688,1.3673,39.436736,53.785,0.0626,0.583,0.67623,3.9879051780753425,0.051,0
2024-07-08T09:47:53Z,5.621,11.6813,41.04,1.4931,0.0426,2.1573,1.4277,39.504173,53.887,0.0631,0.574,0.70228,3.9969749052553976,0.052,0
2024-07-08T09:47:53Z,5.635,11.6731,41.04,1.5007,0.0426,2.1573,1.3975,39.57635,53.996,0.0634,0.562,0.66068,4.006487220106639,0.054,0
2024-07-08T09:47:53Z,5.648,11.6656,41.04,1.4778,0.0426,2.1573,1.322,39.634657,54.087,0.0636,0.551,0.67052,4.0145030275286615,0.057,0
2024-07-08T09:47:53Z,5.662,11.6586,41.04,1.371,0.0426,2.1573,1.3673,39.638849,54.108,0.0633,0.55,0.67829,4.016918700868326,0.06,0
2024-07-08T09:47:53Z,5.678,11.6519,41.04,1.3634,0.0426,2.1573,1.3975,39.613956,54.089,0.0623,0.562,0.6666,4.016130879668324,0.063,0
2024-07-08T09:47:53Z,5.694,11.645,40.32,1.371,0.0852,2.3688,1.2918,39.6171,54.107,0.061,0.578,0.64972,4.0182988310813155,0.065,0
2024-07-08T09:47:53Z,5.713,11.6369,40.32,1.352,0.0852,2.3688,1.322,39.643141,54.15,0.0598,0.591,0.61657,4.022579958549301,0.066,0
2024-07-08T09:47:53Z,5.731,11.627,40.32,1.4283,0.0852,2.3688,1.3673,39.675112,54.195,0.0597,0.603,0.58144,4.027215762050678,0.067,0
2024-07-08T09:47:53Z,5.749,11.6163,40.32,1.4206,0.0852,2.3688,1.2615,39.753421,54.303,0.061,0.607,0.59901,4.0369426020373105,0.066,0
2024-07-08T09:47:53Z,5.765,11.6073,40.14,1.4511,0.0852,2.2419,1.3975,39.91489,54.534,0.0628,0.602,0.58549,4.056263511676775,0.065,0
2024-07-08T09:47:53Z,5.78,11.6024,40.14,1.4168,0.0852,2.2419,1.3371,40.094979,54.797,0.0643,0.593,0.60175,4.077696495091359,0.063,0
2024-07-08T09:47:53Z,5.796,11.6016,40.14,1.3329,0.0852,2.2419,1.3673,40.228134,55,0.0655,0.584,0.59979,4.093922286078834,0.061,0
2024-07-08T09:47:53Z,5.811,11.6006,40.14,1.2947,0.0852,2.2419,1.4579,40.353848,55.19,0.066,0.577,0.55974,4.109141579955815,0.059,0
2024-07-08T09:47:53Z,5.827,11.5943,39.96,1.3138,0.0852,2.0304,1.3975,40.513615,55.426,0.0655,0.574,0.5259,4.1286119518065965,0.058,0
2024-07-08T09:47:53Z,5.842,11.5824,39.96,1.2986,0.0852,2.0304,1.3824,40.710187,55.711,0.0645,0.573,0.47722,4.152619845917522,0.057,0
2024-07-08T09:47:53Z,5.856,11.5689,39.96,1.2375,0.0852,2.0304,1.1407,40.916277,56.011,0.0636,0.574,0.52727,4.178027245138824,0.056,0
2024-07-08T09:47:53Z,5.869,11.5563,39.96,1.2566,0.0852,2.0304,1.1256,41.077247,56.25,0.0629,0.574,0.55213,4.198496483166057,0.055,0
2024-07-08T09:47:53Z,5.883,11.5451,39.51,1.249,0.0852,2.115,1.1105,41.208122,56.447,0.0625,0.571,0.48285,4.215475732024453,0.055,0
2024-07-08T09:47:53Z,5.897,11.5343,39.51,1.2413,0.0852,2.115,1.1709,41.367714,56.68,0.0625,0.565,0.48875999999999997,4.235299084617503,0.055,0
2024-07-08T09:47:53Z,5.911,11.5227,39.51,1.2719,0.0852,2.115,1.1256,41.560722,56.959,0.0626,0.559,0.49443,4.258907457214041,0.055,0
2024-07-08T09:47:53Z,5.925,11.5106,39.51,1.2146,0.0852,2.115,1.1407,41.742961,57.225,0.0626,0.555,0.47155,4.281557241495476,0.055,0
2024-07-08T09:47:53Z,5.939,11.4995,39.51,1.2146,0.0852,2.115,1.1256,41.859407,57.403,0.0622,0.554,0.44837,4.297072437951651,0.055,0
2024-07-08T09:47:53Z,5.953,11.4898,39.24,1.2566,0.0852,2.1573,1.186,41.911219,57.493,0.0616,0.556,0.44993,4.305393644021927,0.055,0
2024-07-08T09:47:53Z,5.968,11.4804,39.24,1.3672,0.0852,2.1573,1.1558,41.924169,57.526,0.061,0.561,0.47701,4.309120942314254,0.054,0
2024-07-08T09:47:53Z,5.982,11.4698,39.24,1.371,0.0852,2.1573,1.1105,41.897725,57.501,0.0605,0.569,0.4208,4.308343426102507,0.052,0
2024-07-08T09:47:53Z,5.996,11.4582,39.24,1.3787,0.0852,2.1573,1.0954,41.854727,57.447,0.0604,0.577,0.43005,4.305357720844388,0.049,0
2024-07-08T09:47:53Z,6.009,11.4466,39.15,1.3443,0.0852,2.2842,1.0954,41.831535,57.414,0.0607,0.586,0.3821,4.304053227163609,0.046,0
2024-07-08T09:47:53Z,6.02,11.4365,39.15,1.2795,0.0852,2.2842,1.0652,41.825949,57.401,0.0613,0.596,0.42135,4.304177713970966,0.042,0
2024-07-08T09:47:53Z,6.029,11.4294,39.15,1.3138,0.0852,2.2842,1.1105,41.804597,57.362,0.0621,0.6,0.41149,4.301871192643215,0.038,0
2024-07-08T09:47:53Z,6.038,11.4262,39.15,1.3062,0.0852,2.2842,1.1407,41.753812,57.28,0.063,0.592,0.43314,4.295666703193893,0.035,0
2024-07-08T09:47:53Z,6.046,11.4269,38.88,1.3138,0.0852,1.9458,1.0954,41.695924,57.185,0.0639,0.579,0.42921,4.287970763883354,0.032,0
2024-07-08T09:47:53Z,6.053,11.4306,38.88,1.1956,0.0852,1.9458,1.0652,41.673284,57.137,0.065,0.565,0.41051,4.283697692398274,0.031,0
2024-07-08T09:47:53Z,6.061,11.4365,38.88,1.2108,0.0852,1.9458,1.2011,41.699784,57.16,0.0654,0.55,0.42949,4.284861512214843,0.031,0
2024-07-08T09:47:53Z,6.068,11.4447,38.88,1.1765,0.0852,1.9458,1.0803,41.770535,57.25,0.0646,0.536,0.4293,4.291128077363798,0.032,0
2024-07-08T09:47:53Z,6.076,11.4548,38.88,1.1803,0.0852,1.9458,1.1256,41.89444,57.422,0.0632,0.525,0.3851,4.303742671100726,0.034,0
2024-07-08T09:47:53Z,6.084,11.4652,38.79,1.2947,0.0426,1.9458,0.7781,42.036787,57.631,0.0617,0.523,0.43949,4.319283246183718,0.036,0
2024-07-08T09:47:53Z,6.094,11.4738,38.79,1.3062,0.0426,1.9458,0.9594,42.181729,57.854,0.06,0.531,0.40881,4.336151078163699,0.04,0
2024-07-08T09:47:53Z,6.105,11.4784,38.79,1.2871,0.0426,1.9458,0.8083,42.345998,58.111,0.0584,0.541,0.35381,4.356208658742983,0.043,0
2024-07-08T09:47:53Z,6.117,11.4768,38.79,1.2947,0.0426,1.9458,0.8386,42.497669,58.354,0.0572,0.55,0.42438,4.375874407232215,0.046,0
2024-07-08T09:47:53Z,6.129,11.4682,39.06,1.2566,0.0852,2.115,0.8083,42.597476,58.521,0.057,0.559,0.38177,4.39027765259783,0.048,0
2024-07-08T09:47:53Z,6.143,11.4533,39.06,1.2451,0.0852,2.115,0.8386,42.646124,58.607,0.0579,0.569,0.3821,4.398934484817083,0.049,0
2024-07-08T09:47:53Z,6.156,11.4335,39.06,1.2604,0.0852,2.115,0.899,42.69445,58.683,0.0591,0.579,0.38745,4.407375723963646,0.049,0
2024-07-08T09:47:53Z,6.168,11.4117,39.06,1.2451,0.0852,2.115,0.9443,42.785234,58.816,0.0601,0.584,0.38527,4.420644374825251,0.048,0
2024-07-08T09:47:53Z,6.18,11.3928,39.42,1.1307,0.0852,2.0304,0.612,42.930729,59.03,0.0611,0.586,0.34885,4.440099448338937,0.048,0
2024-07-08T09:47:53Z,6.192,11.3808,39.42,1.1345,0.0852,2.0304,0.612,43.143827,59.345,0.0622,0.584,0.38796,4.466881833057136,0.047,0
2024-07-08T09:47:53Z,6.204,11.3746,39.42,1.1193,0.0852,2.0304,0.5515,43.411602,59.744,0.0633,0.579,0.38202,4.499758351358227,0.047,0
2024-07-08T09:47:53Z,6.215,11.3696,39.42,1.1383,0.0852,2.0304,0.5817,43.681902,60.153,0.0639,0.57,0.36696,4.533323638441387,0.048,0
2024-07-08T09:47:53Z,6.227,11.3615,38.7,1.1231,0.0852,2.0304,0.899,43.909221,60.503,0.0641,0.559,0.36339,4.562537738346442,0.049,0
2024-07-08T09:47:53Z,6.24,11.3481,38.7,1.1193,0.0852,2.0304,0.7932,44.074458,60.762,0.0639,0.549,0.34298,4.585086114189171,0.049,0
2024-07-08T09:47:53Z,6.253,11.3293,38.7,1.1383,0.0852,2.0304,0.8688,44.153914,60.894,0.0634,0.54,0.35151,4.598067030800198,0.05,0
2024-07-08T09:47:53Z,6.266,11.3071,38.7,1.1421,0.0852,2.0304,0.9141,44.152832,60.906,0.0624,0.537,0.34009,4.601783784603607,0.05,0
2024-07-08T09:47:53Z,6.279,11.2849,38.7,1.062,0.0852,2.0304,0.7177,44.138686,60.893,0.0613,0.539,0.33019,4.603482344579482,0.05,0
2024-07-08T09:47:53Z,6.292,11.2662,39.15,1.043,0.0852,2.1573,0.5817,44.153542,60.918,0.0601,0.542,0.32726,4.607823341107047,0.05,0
2024-07-08T09:47:53Z,6.304,11.2527,39.15,1.0544,0.0852,2.1573,0.5515,44.197377,60.984,0.0592,0.545,0.32761,4.614841590107149,0.05,0
2024-07-08T09:47:53Z,6.316,11.2446,39.15,1.043,0.0852,2.1573,0.7781,44.311773,61.149,0.0588,0.547,0.35466,4.629210965654334,0.05,0
2024-07-08T09:47:53Z,6.329,11.2404,39.15,1.0353,0.0852,2.1573,0.8235,44.541187,61.478,0.0591,0.547,0.32092,4.6563911056444,0.051,0
2024-07-08T09:47:53Z,6.342,11.2377,39.24,1.0468,0.0426,2.1996000000000002,0.8839,44.87505,61.959,0.0595,0.547,0.31307,4.695726362553592,0.053,0
2024-07-08T09:47:53Z,6.356,11.2346,39.24,1.0506,0.0426,2.1996000000000002,0.8235,45.270851,62.532,0.0597,0.546,0.33394,4.742611324296379,0.055,0
2024-07-08T09:47:53Z,6.37,11.2302,39.24,1.0392,0.0426,2.1996000000000002,0.9443,45.682664,63.129,0.0599,0.544,0.31539,4.791657819787346,0.057,0
2024-07-08T09:47:53Z,6.385,11.2231,39.24,1.0468,0.0426,2.1996000000000002,0.8688,46.100717,63.735,0.06,0.545,0.30099,4.841839115329866,0.059,0
2024-07-08T09:47:53Z,6.4,11.2118,38.7,0.9857,0.0852,2.0727,0.8386,46.536834,64.365,0.0601,0.545,0.29735,4.89458736916169,0.061,0
2024-07-08T09:47:53Z,6.417,11.1968,38.7,1.0086,0.0852,2.0727,0.8386,46.967788,64.985,0.0599,0.546,0.28023,4.947088945007812,0.062,0
2024-07-08T09:47:53Z,6.433,11.1803,38.7,1.0048,0.0852,2.0727,0.9745,47.353024,65.54,0.0598,0.547,0.28888,4.994570996837821,0.062,0
2024-07-08T09:47:53Z,6.449,11.1641,38.7,0.9857,0.0852,2.0727,0.8083,47.693616,66.033,0.0598,0.548,0.25329,5.0370212173957905,0.061,0
2024-07-08T09:47:53Z,6.465,11.1491,38.97,0.9552,0.0852,2.1573,0.8386,48.032548,66.522,0.0599,0.543,0.28102,5.079042257865598,0.061,0
2024-07-08T09:47:53Z,6.48,11.1355,38.97,0.9514,0.0852,2.1573,0.8386,48.378472,67.021,0.06,0.537,0.28261,5.121747500939242,0.06,0
2024-07-08T09:47:53Z,6.495,11.1231,38.97,0.9362,0.0852,2.1573,0.8386,48.676125,67.455,0.0602,0.533,0.26825,5.1590160943250085,0.058,0
2024-07-08T09:47:53Z,6.509,11.1117,38.97,0.9285,0.0852,2.1573,0.8839,48.887266,67.768,0.0602,0.531,0.25639,5.186265690095909,0.057,0
2024-07-08T09:47:53Z,6.524,11.1007,38.97,1.0659,0.0852,2.1573,0.8537,49.038299,67.996,0.0597,0.53,0.27986,5.206511000904393,0.056,0
2024-07-08T09:47:53Z,6.538,11.0896,39.06,1.0468,0.0852,1.9881,0.7781,49.161524,68.181,0.0591,0.532,0.23135,5.223257638112317,0.054,0
2024-07-08T09:47:53Z,6.552,11.0783,39.06,1.0582,0.0852,1.9881,0.8083,49.281827,68.359,0.0587,0.535,0.24677,5.239471157739214,0.053,0
2024-07-08T09:47:53Z,6.565,11.0672,39.06,1.0735,0.0852,1.9881,0.7932,49.421322,68.563,0.0584,0.54,0.25628,5.257806038161781,0.051,0
2024-07-08T09:47:53Z,6.578,11.0573,39.06,0.9438,0.0852,1.9881,0.8386,49.595277,68.819,0.0583,0.545,0.24774,5.280260897854989,0.05,0
2024-07-08T09:47:53Z,6.589,11.0496,39.06,0.9209,0.0426,1.9035,0.8688,49.838122,69.175,0.0586,0.546,0.21619,5.310647033792538,0.05,0
2024-07-08T09:47:53Z,6.602,11.0438,39.06,0.94,0.0426,1.9035,0.8537,50.15082,69.633,0.059,0.541,0.24437,5.3491830692433275,0.051,0
2024-07-08T09:47:53Z,6.614,11.0382,39.06,0.959,0.0426,1.9035,0.8688,50.481196,70.118,0.0595,0.534,0.2726,5.38994835706246,0.053,0
2024-07-08T09:47:53Z,6.628,11.031,39.06,0.8751,0.0426,1.9035,1.1558,50.795741,70.583,0.0601,0.53,0.2294,5.42933554505052,0.055,0
2024-07-08T09:47:53Z,6.643,11.0211,38.52,0.8522,0.0852,1.7343,1.05,51.090613,71.02,0.0602,0.527,0.20471,5.466848255361936,0.057,0
2024-07-08T09:47:53Z,6.659,11.0089,38.52,0.8751,0.0852,1.7343,1.0954,51.354729,71.414,0.0596,0.527,0.2167,5.501190815118456,0.058,0
2024-07-08T09:47:53Z,6.674,10.9951,38.52,0.837,0.0852,1.7343,1.0652,51.580766,71.752,0.0589,0.532,0.20449,5.531181639764269,0.058,0
2024-07-08T09:47:53Z,6.689,10.9808,38.52,0.8713,0.0852,1.7343,0.8688,51.779157,72.048,0.0585,0.539,0.20862,5.557806597256116,0.057,0
2024-07-08T09:47:53Z,6.704,10.9668,38.79,0.8866,0.0852,1.9458,0.8083,51.974894,72.338,0.0581,0.545,0.17825,5.583918624951616,0.056,0
2024-07-08T09:47:53Z,6.718,10.9536,38.79,0.8446,0.0852,1.9458,0.8537,52.186278,72.648,0.0581,0.549,0.2044,5.611594013572325,0.054,0
2024-07-08T09:47:53Z,6.731,10.9417,38.79,0.8866,0.0852,1.9458,0.8083,52.397905,72.96,0.0588,0.548,0.17875,5.639265762992365,0.053,0
2024-07-08T09:47:53Z,6.744,10.9315,38.79,0.9209,0.0852,1.9458,0.8839,52.598417,73.259,0.0595,0.544,0.18722,5.66562527265074,0.052,0
2024-07-08T09:47:53Z,6.757,10.9228,38.79,0.9209,0.0852,1.9458,0.9292,52.81736,73.584,0.0602,0.537,0.19013,5.693934854985642,0.052,0
2024-07-08T09:47:53Z,6.77,10.9147,38.79,0.9514,0.0426,1.8189,0.9443,53.08321,73.975,0.0607,0.531,0.19321,5.727657480026498,0.053,0
2024-07-08T09:47:53Z,6.783,10.9061,38.79,0.9285,0.0426,1.8189,0.8386,53.381125,74.413,0.0606,0.53,0.18383,5.765395129054633,0.055,0
2024-07-08T09:47:53Z,6.797,10.8968,38.79,0.9667,0.0426,1.8189,0.9141,53.672909,74.844,0.06,0.535,0.16448,5.802696871620385,0.057,0
2024-07-08T09:47:53Z,6.811,10.8872,38.79,1.0048,0.0426,1.8189,0.8537,53.934682,75.235,0.0594,0.541,0.2018,5.8367524765218315,0.059,0
2024-07-08T09:47:53Z,6.827,10.8771,38.97,0.9934,0.0852,1.8612,0.899,54.16048,75.574,0.0587,0.54,0.21441,5.866587864620765,0.062,0
2024-07-08T09:47:53Z,6.843,10.8661,38.97,0.9781,0.0852,1.8612,0.8386,54.354683,75.868,0.0586,0.532,0.18102,5.892843011778492,0.064,0
2024-07-08T09:47:53Z,6.86,10.8543,38.97,0.9972,0.0852,1.8612,1.1105,54.529199,76.131,0.0592,0.522,0.17246,5.916664491947679,0.065,0
2024-07-08T09:47:53Z,6.878,10.8422,38.97,1.0201,0.0852,1.8612,1.1256,54.67872,76.358,0.0598,0.515,0.17918,5.937551235207196,0.065,0
2024-07-08T09:47:53Z,6.895,10.8305,38.52,0.9819,0.0852,1.8612,1.0954,54.797257,76.539,0.0598,0.508,0.15187,5.9545502324672395,0.065,0
2024-07-08T09:47:53Z,6.911,10.8199,38.52,1.0086,0.0852,1.8612,1.1407,54.900466,76.698,0.0589,0.505,0.18228,5.969546446198345,0.064,0
2024-07-08T09:47:53Z,6.927,10.8104,38.52,0.9667,0.0852,1.8612,1.1709,55.007894,76.861,0.0578,0.508,0.15108,5.98470907029016,0.063,0
2024-07-08T09:47:53Z,6.943,10.8019,38.52,0.9362,0.0852,1.8612,1.1709,55.118276,77.027,0.057,0.518,0.15494,5.999969785083496,0.062,0
2024-07-08T09:47:53Z,6.958,10.7944,38.52,0.9247,0.0852,1.8612,1.1105,55.21319,77.168,0.0563,0.533,0.1638,6.012985365156875,0.061,0
2024-07-08T09:47:53Z,6.973,10.7877,38.07,0.9285,0.0426,1.8189,1.0652,55.313958,77.316,0.0559,0.545,0.15494,6.026462917453297,0.06,0
2024-07-08T09:47:53Z,6.988,10.7815,38.07,0.9362,0.0426,1.8189,1.3673,55.461411,77.529,0.0563,0.55,0.15507,6.0453066123306956,0.059,0
2024-07-08T09:47:53Z,7.003,10.7762,38.07,0.9285,0.0426,1.8189,1.3371,55.664958,77.823,0.0574,0.548,0.14078,6.070796555355715,0.059,0
2024-07-08T09:47:53Z,7.018,10.772,38.07,0.94,0.0426,1.8189,1.3824,55.893132,78.155,0.0591,0.54,0.16725,6.099303971316203,0.058,0
2024-07-08T09:47:53Z,7.033,10.7689,38.43,0.959,0.0426,1.8612,1.4126,56.083141,78.436,0.0605,0.525,0.11767,6.123369632006743,0.058,0
2024-07-08T09:47:53Z,7.048,10.7657,38.43,1.043,0.0426,1.8612,1.6392,56.221843,78.644,0.061,0.512,0.11992,6.14134150767733,0.057,0
2024-07-08T09:47:53Z,7.062,10.7614,38.43,1.0353,0.0426,1.8612,1.6241,56.354201,78.841,0.0608,0.503,0.13316,6.158582128508531,0.056,0
2024-07-08T09:47:53Z,7.076,10.7555,38.43,1.0506,0.0426,1.8612,1.5032,56.51551,79.076,0.0599,0.497,0.15197,6.179288095591166,0.055,0
2024-07-08T09:47:53Z,7.09,10.7487,38.16,1.0468,0.0426,1.7343,1.5486,56.740808,79.401,0.0583,0.496,0.116,6.207714475038825,0.055,0
2024-07-08T09:47:53Z,7.103,10.7421,38.16,1.1002,0.0426,1.7343,1.8809,57.022373,79.807,0.0569,0.504,0.14697,6.24293272163296,0.055,0
2024-07-08T09:47:53Z,7.117,10.7366,38.16,1.1154,0.0426,1.7343,1.7601,57.287715,80.196,0.0558,0.514,0.12306,6.276561889267031,0.056,0
2024-07-08T09:47:53Z,7.131,10.7323,38.16,1.146,0.0426,1.7343,1.8205,57.493918,80.504,0.0551,0.52,0.13209,6.303195953813986,0.056,0
2024-07-08T09:47:53Z,7.146,10.7284,37.62,1.1307,0.0426,1.692,1.8356,57.628163,80.709,0.0551,0.52,0.11617,6.3211094702045525,0.057,0
2024-07-08T09:47:53Z,7.161,10.7228,37.62,1.1612,0.0426,1.692,2.1075,57.692344,80.814,0.056,0.516,0.11617,6.330907486691176,0.057,0
2024-07-08T09:47:53Z,7.176,10.7151,37.62,1.2032,0.0426,1.692,2.0924,57.749445,80.906,0.0571,0.51,0.13733,6.339977498308612,0.057,0
2024-07-08T09:47:53Z,7.191,10.7065,37.62,1.1917,0.0426,1.692,2.183,57.870534,81.086,0.0577,0.508,0.12115,6.356618601380908,0.058,0
2024-07-08T09:47:53Z,7.205,10.6986,37.62,1.1574,0.0426,1.692,2.0773,58.030065,81.322,0.0578,0.51,0.116,6.377867548226289,0.059,0
2024-07-08T09:47:53Z,7.219,10.6919,38.25,1.1231,0.0426,1.8612,1.6241,58.172859,81.538,0.0573,0.51,0.11595,6.397235660389434,0.06,0
2024-07-08T09:47:53Z,7.234,10.6866,38.25,1.1421,0.0426,1.8612,1.6845,58.295112,81.729,0.0566,0.509,0.11595,6.414262275230524,0.062,0
2024-07-08T09:47:53Z,7.25,10.6819,38.25,1.1154,0.0426,1.8612,1.5939,58.379563,81.869,0.0564,0.51,0.11612,6.426889847918631,0.063,0
2024-07-08T09:47:53Z,7.268,10.6765,38.25,1.0926,0.0426,1.8612,1.5637,58.41084,81.932,0.0566,0.511,0.1162,6.4331484006249555,0.064,0
2024-07-08T09:47:53Z,7.285,10.6695,38.43,1.1269,0.0852,1.9881,1.3673,58.427199,81.971,0.0567,0.514,0.11605,6.437664367045331,0.063,0
2024-07-08T09:47:53Z,7.302,10.6609,38.43,1.1078,0.0852,1.9881,1.2918,58.466906,82.041,0.0566,0.517,0.11605,6.445079695413441,0.061,0
2024-07-08T09:47:53Z,7.318,10.6517,38.43,1.1154,0.0852,1.9881,1.4579,58.514621,82.119,0.0567,0.518,0.11605,6.453280027941343,0.058,0
2024-07-08T09:47:53Z,7.333,10.6434,38.43,1.104,0.0852,1.9881,1.3371,58.53321,82.152,0.0568,0.518,0.11595,6.457525396361101,0.054,0
2024-07-08T09:47:53Z,7.346,10.6363,38.34,1.2337,0.0852,1.8612,1.5637,58.515662,82.129,0.0571,0.519,0.11602,6.4568306447076065,0.049,0
2024-07-08T09:47:53Z,7.357,10.6303,38.34,1.2451,0.0852,1.8612,1.6543,58.473253,82.063,0.0575,0.521,0.11595,6.452308990559309,0.044,0
2024-07-08T09:47:53Z,7.368,10.6255,38.34,1.2451,0.0852,1.8612,1.5637,58.402651,81.951,0.0577,0.521,0.11605,6.443688944111661,0.04,0
2024-07-08T09:47:53Z,7.377,10.6225,38.34,1.2299,0.0852,1.8612,1.6694,58.296997,81.785,0.0576,0.518,0.11617,6.430189989600745,0.036,0
2024-07-08T09:47:53Z,7.386,10.622,38.34,1.2528,0.0426,1.9035,1.2918,58.16202,81.576,0.0577,0.511,0.11595,6.412622358395408,0.033,0
2024-07-08T09:47:53Z,7.394,10.6246,38.34,1.2299,0.0426,1.9035,1.3522,58.025548,81.362,0.058,0.505,0.11612,6.3940957764450115,0.031,0
2024-07-08T09:47:53Z,7.401,10.6302,38.34,1.2375,0.0426,1.9035,1.3975,57.924979,81.197,0.058,0.502,0.11592,6.3791907646489205,0.029,0
2024-07-08T09:47:53Z,7.408,10.6378,38.34,1.249,0.0426,1.9035,1.3975,57.865405,81.089,0.0575,0.499,0.11597,6.368755458098689,0.029,0
2024-07-08T09:47:53Z,7.415,10.6467,38.34,1.0964,0.0426,1.9035,1.1407,57.826953,81.014,0.0568,0.496,0.11617,6.360883944150502,0.029,0
2024-07-08T09:47:53Z,7.422,10.6564,38.43,1.1231,0.0852,1.8189,1.0954,57.813327,80.979,0.0561,0.493,0.11592,6.356251103166631,0.031,0
2024-07-08T09:47:53Z,7.429,10.667,38.43,1.1421,0.0852,1.8189,1.0954,57.848817,81.018,0.0558,0.49,0.11612,6.357703285214419,0.034,0
2024-07-08T09:47:53Z,7.438,10.6776,38.43,1.1193,0.0852,1.8189,1.0803,57.934908,81.137,0.0555,0.492,0.1161,6.365897696278032,0.039,0
2024-07-08T09:47:53Z,7.448,10.6868,38.43,1.1879,0.0852,1.8189,1.322,58.042707,81.299,0.0552,0.497,0.11612,6.3779554842798305,0.045,0
2024-07-08T09:47:53Z,7.459,10.6941,39.15,1.1498,0.0852,1.8189,1.3673,58.159079,81.481,0.0548,0.506,0.11625,6.3920256254748855,0.051,0
2024-07-08T09:47:53Z,7.473,10.6989,39.15,1.1879,0.0852,1.8189,1.3522,58.303088,81.705,0.0544,0.517,0.11605,6.410069148265668,0.057,0
2024-07-08T09:47:53Z,7.49,10.6995,39.15,1.1765,0.0852,1.8189,1.4579,58.479233,81.975,0.0546,0.528,0.11605,6.432725866332686,0.061,0
2024-07-08T09:47:53Z,7.507,10.6948,39.15,1.1154,0.0852,1.8189,1.5486,58.698586,82.308,0.0552,0.534,0.11605,6.461634435530954,0.065,0
2024-07-08T09:47:53Z,7.525,10.6863,39.42,1.1307,0.0852,2.2419,1.6392,59.001693,82.765,0.0562,0.536,0.11612,6.5016996473888,0.067,0
2024-07-08T09:47:53Z,7.543,10.6768,39.42,1.0926,0.0852,2.2419,1.6241,59.357691,83.303,0.0575,0.533,0.11605,6.548824237813354,0.068,0
2024-07-08T09:47:53Z,7.56,10.6669,39.42,1.1078,0.0852,2.2419,1.5939,59.678024,83.795,0.0586,0.525,0.11612,6.5921813617126395,0.068,0
2024-07-08T09:47:53Z,7.577,10.6558,39.42,1.1193,0.0852,2.2419,1.7903,59.930437,84.192,0.0594,0.516,0.11587,6.627761172709827,0.067,0
2024-07-08T09:47:53Z,7.594,10.6423,39.42,1.1307,0.0852,2.2419,1.8356,60.114424,84.489,0.0596,0.508,0.11592,6.6553437918185505,0.067,0
2024-07-08T09:47:53Z,7.611,10.6259,39.24,1.1269,0.0852,2.0304,1.8205,60.24913,84.709,0.0593,0.507,0.11615,6.676957570609135,0.066,0
2024-07-08T09:47:53Z,7.628,10.6074,39.24,1.104,0.0852,2.0304,1.8356,60.356513,84.884,0.0584,0.513,0.11592,6.695162208216191,0.066,0
2024-07-08T09:47:53Z,7.645,10.5893,39.24,1.1727,0.0852,2.0304,1.8507,60.433295,85.009,0.0574,0.52,0.11612,6.709071633254684,0.065,0
2024-07-08T09:47:53Z,7.661,10.5734,39.24,1.1536,0.0852,2.0304,1.8507,60.493967,85.107,0.0566,0.528,0.116,6.720299881474582,0.065,0
2024-07-08T09:47:53Z,7.678,10.5603,39.69,1.1803,0.0426,2.2419,1.7903,60.572659,85.225,0.0565,0.537,0.11605,6.732722631024613,0.065,0
2024-07-08T09:47:53Z,7.694,10.5502,39.69,1.1689,0.0426,2.2419,1.8205,60.69634,85.405,0.0571,0.538,0.11615,6.749871220267098,0.066,0
2024-07-08T09:47:53Z,7.71,10.5428,39.69,1.2947,0.0426,2.2419,2.1226,60.846132,85.622,0.0579,0.532,0.11607,6.769678633723853,0.067,0
2024-07-08T09:47:53Z,7.727,10.5376,39.69,1.3291,0.0426,2.2419,2.0773,60.960253,85.79,0.0589,0.523,0.11605,6.784923267125516,0.069,0
2024-07-08T09:47:53Z,7.745,10.5343,39.87,1.2986,0.0852,2.1996000000000002,2.0018,61.015279,85.875,0.0598,0.518,0.11585,6.792762136553103,0.071,0
2024-07-08T09:47:53Z,7.763,10.5318,39.87,1.2871,0.0852,2.1996000000000002,2.0773,61.053811,85.937,0.06,0.521,0.11605,6.7984978661179625,0.073,0
2024-07-08T09:47:53Z,7.782,10.5292,39.87,1.1803,0.0852,2.1996000000000002,1.8658,61.12801,86.049,0.0593,0.529,0.11597,6.808507160817591,0.076,0
2024-07-08T09:47:53Z,7.802,10.5263,39.87,1.1803,0.0852,2.1996000000000002,1.8507,61.281597,86.273,0.0583,0.532,0.11602,6.828106417904923,0.078,0
2024-07-08T09:47:53Z,7.822,10.5232,39.87,1.1612,0.0852,2.1573,1.896,61.517631,86.613,0.0577,0.533,0.11595,6.857626832511152,0.079,0
2024-07-08T09:47:53Z,7.843,10.52,39.87,1.1727,0.0852,2.1573,1.9111,61.77738,86.987,0.0581,0.535,0.11602,6.890077564654483,0.081,0
2024-07-08T09:47:53Z,7.863,10.5167,39.87,1.1727,0.0852,2.1573,2.1528,61.998459,87.307,0.0589,0.533,0.11615,6.917962981105767,0.082,0
2024-07-08T09:47:53Z,7.885,10.5136,39.87,1.1841,0.0852,2.1573,2.0622,62.162027,87.546,0.0593,0.523,0.11585,6.938919008689383,0.082,0
2024-07-08T09:47:53Z,7.906,10.5104,39.87,1.1765,0.0852,2.1573,2.0471,62.289761,87.733,0.0594,0.507,0.11605,6.955468107481167,0.082,0
2024-07-08T09:47:53Z,7.928,10.5071,39.87,1.1994,0.0852,2.1573,2.1075,62.383806,87.871,0.0596,0.492,0.11597,6.9678626712819005,0.082,0
2024-07-08T09:47:53Z,7.949,10.5037,39.87,1.1803,0.0852,2.1573,1.8507,62.43134,87.941,0.0595,0.479,0.11612,6.974479019367277,0.08,0
2024-07-08T09:47:53Z,7.969,10.5002,39.87,1.1994,0.0852,2.1573,1.7449,62.441049,87.956,0.0583,0.47,0.11612,6.9764235685891,0.078,0
2024-07-08T09:47:53Z,7.989,10.4972,39.87,1.1803,0.0852,2.1573,1.8658,62.427491,87.936,0.0566,0.468,0.11617,6.975286906144526,0.076,0
2024-07-08T09:47:53Z,8.008,10.4948,40.23,1.1727,0.0852,2.1996000000000002,1.896,62.416972,87.918,0.0549,0.474,0.11595,6.974206403998737,0.074,0
2024-07-08T09:47:53Z,8.026,10.4933,40.23,1.2299,0.0852,2.1996000000000002,1.8658,62.42863,87.932,0.0534,0.484,0.11605,6.975684985942364,0.072,0
2024-07-08T09:47:53Z,8.044,10.4929,40.23,1.2451,0.0852,2.1996000000000002,1.7903,62.443631,87.952,0.0525,0.495,0.11605,6.977466014543224,0.07,0
2024-07-08T09:47:53Z,8.062,10.4934,40.23,1.2719,0.0852,2.1996000000000002,1.8356,62.457995,87.973,0.0523,0.501,0.11602,6.979160939610158,0.069,0
2024-07-08T09:47:53Z,8.079,10.4945,40.32,1.2375,0.0852,2.115,1.8205,62.499492,88.032,0.0529,0.497,0.11607,6.983984186700506,0.069,0
2024-07-08T09:47:53Z,8.096,10.4955,40.32,1.2337,0.0852,2.115,1.609,62.575197,88.141,0.053900000000000003,0.485,0.116,6.9930936688774565,0.069,0
2024-07-08T09:47:53Z,8.114,10.496,40.32,1.2566,0.0852,2.115,1.7147,62.665403,88.274,0.0552,0.468,0.116,7.004347841090565,0.069,0
2024-07-08T09:47:53Z,8.131,10.4959,40.32,1.207,0.0852,2.115,1.6241,62.73033,88.377,0.0559,0.452,0.116,7.013157277142485,0.07,0
2024-07-08T09:47:53Z,8.149,10.4956,40.68,1.2375,0.0852,2.3265,1.5788,62.749391,88.419,0.0555,0.443,0.11595,7.016798391955708,0.071,0
2024-07-08T09:47:53Z,8.167,10.4947,40.68,1.2528,0.0852,2.3265,1.8205,62.741633,88.425,0.0541,0.441,0.11605,7.017481270329949,0.072,0
2024-07-08T09:47:53Z,8.186,10.4923,40.68,1.2642,0.0852,2.3265,1.8205,62.710969,88.399,0.0522,0.449,0.11617,7.0157196744646555,0.073,0
2024-07-08T09:47:53Z,8.206,10.4879,40.68,1.2375,0.0852,2.3265,1.9262,62.653213,88.334,0.0504,0.467,0.11607,7.011011344172218,0.073,0
2024-07-08T09:47:53Z,8.225,10.4818,40.68,1.2528,0.0852,2.3265,1.8507,62.592857,88.263,0.0494,0.488,0.11615,7.0061153760933035,0.072,0
2024-07-08T09:47:53Z,8.243,10.4749,40.77,1.0582,0.0852,2.5803,1.9111,62.553704,88.219,0.0493,0.501,0.11602,7.0036770809425,0.07,0
2024-07-08T09:47:53Z,8.261,10.468,40.77,1.0353,0.0852,2.5803,1.8507,62.54127,88.211,0.0501,0.507,0.116,7.004312928727844,0.068,0
2024-07-08T09:47:53Z,8.278,10.4614,40.77,1.0582,0.0852,2.5803,1.8356,62.54426,88.223,0.0521,0.515,0.11602,7.006600091927966,0.066,0
2024-07-08T09:47:53Z,8.294,10.4557,40.77,1.0811,0.0852,2.5803,1.8658,62.547513,88.234,0.0544,0.525,0.116,7.008630209677253,0.063,0
2024-07-08T09:47:53Z,8.31,10.4509,40.32,1.0315,0.0852,2.4111,1.8507,62.551897,88.245,0.0559,0.534,0.11605,7.010488497740688,0.06,0
2024-07-08T09:47:53Z,8.325,10.4472,40.32,1.0659,0.0852,2.4111,1.8809,62.562569,88.265,0.0566,0.535,0.11607,7.01290553754079,0.058,0
2024-07-08T09:47:53Z,8.339,10.4442,40.32,1.0468,0.0852,2.4111,1.7903,62.582377,88.298,0.0574,0.527,0.1161,7.01630010850273,0.055,0
2024-07-08T09:47:53Z,8.353,10.4418,40.32,1.0773,0.0852,2.4111,1.7752,62.612612,88.344,0.0586,0.517,0.1161,7.020691580045639,0.052,0
2024-07-08T09:47:53Z,8.366,10.4396,40.05,1.1002,0.0426,2.2842,1.5486,62.641388,88.388,0.0596,0.505,0.11607,7.024874384746763,0.049,0
2024-07-08T09:47:53Z,8.378,10.4377,40.05,1.1078,0.0426,2.2842,1.6392,62.664411,88.422,0.0597,0.488,0.11605,7.028145240777157,0.046,0
2024-07-08T09:47:53Z,8.389,10.4358,40.05,1.104,0.0426,2.2842,1.5939,62.699789,88.474,0.0589,0.469,0.11615,7.032955967384769,0.044,0
2024-07-08T09:47:53Z,8.399,10.4343,40.05,1.1231,0.0426,2.2842,1.5939,62.748976,88.544,0.0577,0.453,0.11615,7.039229831965758,0.042,0
2024-07-08T09:47:53Z,8.409,10.4331,40.05,1.0697,0.0426,2.2842,1.6392,62.797162,88.613,0.0564,0.445,0.11597,7.045361294892395,0.042,0
2024-07-08T09:47:53Z,8.419,10.4322,40.23,1.0582,0.0426,2.2419,1.5939,62.831264,88.662,0.0545,0.445,0.11612,7.049724932697412,0.043,0
2024-07-08T09:47:53Z,8.43,10.4315,40.23,1.062,0.0426,2.2419,1.5486,62.854391,88.696,0.0524,0.451,0.116,7.052767148151219,0.045,0
2024-07-08T09:47:53Z,8.441,10.4311,40.23,1.0582,0.0426,2.2419,1.6845,62.886674,88.745,0.0506,0.46,0.11595,7.057035000918139,0.049,0
2024-07-08T09:47:53Z,8.453,10.4309,40.23,1.0964,0.0426,2.2419,1.8809,62.928742,88.809,0.0497,0.469,0.11607,7.062547618594707,0.053,0
2024-07-08T09:47:53Z,8.467,10.4306,39.87,1.1231,0.0852,2.1573,1.896,62.973861,88.878,0.0497,0.476,0.11617,7.068507575688582,0.059,0
2024-07-08T09:47:53Z,8.482,10.4299,39.87,1.1078,0.0852,2.1573,1.8356,63.032067,88.967,0.0505,0.481,0.11605,7.076256723414124,0.065,0
2024-07-08T09:47:53Z,8.5,10.4286,39.87,1.1116,0.0852,2.1573,1.8809,63.110902,89.085,0.0515,0.483,0.11615,7.086604680295075,0.07,0
2024-07-08T09:47:53Z,8.519,10.4268,39.87,1.0353,0.0852,2.1573,2.2435,63.195482,89.213,0.0524,0.487,0.11597,7.097907626083361,0.075,0
2024-07-08T09:47:53Z,8.539,10.4246,40.05,1.0506,0.0852,2.4111,2.2737,63.266468,89.323,0.0532,0.493,0.1161,7.107749617910709,0.08,0
2024-07-08T09:47:53Z,8.561,10.4221,40.05,1.0659,0.0852,2.4111,2.2435,63.322842,89.414,0.0537,0.505,0.11597,7.116025204856781,0.083,0
2024-07-08T09:47:53Z,8.583,10.4191,40.05,1.062,0.0852,2.4111,2.2283,63.375647,89.5,0.054,0.52,0.11595,7.123971761782858,0.086,0
2024-07-08T09:47:53Z,8.605,10.4157,40.05,1.1002,0.0852,2.4111,2.2435,63.432979,89.593,0.0544,0.532,0.116,7.132597895898197,0.087,0
2024-07-08T09:47:53Z,8.628,10.4119,40.86,1.1078,0.0852,2.538,2.3341,63.494167,89.691,0.0552,0.535,0.1159,7.141732783521577,0.087,0
2024-07-08T09:47:53Z,8.651,10.4077,40.86,1.1154,0.0852,2.538,2.2435,63.575528,89.816,0.0565,0.53,0.11605,7.153262504336025,0.086,0
2024-07-08T09:47:53Z,8.674,10.4032,40.86,1.1116,0.0852,2.538,2.2132,63.684793,89.98,0.0582,0.523,0.11605,7.168198051777996,0.084,0
2024-07-08T09:47:53Z,8.695,10.3984,40.86,1.1154,0.0852,2.538,2.5305,63.789257,90.137,0.0595,0.514,0.1158,7.182598532753887,0.082,0
2024-07-08T09:47:53Z,8.715,10.3939,40.86,1.1231,0.0852,2.538,2.5154,63.860922,90.248,0.0597,0.502,0.11602,7.193000476205909,0.08,0
2024-07-08T09:47:53Z,8.734,10.3897,41.94,1.1421,0.0852,2.3265,2.5607,63.904931,90.318,0.0592,0.488,0.11615,7.199829844969211,0.078,0
2024-07-08T09:47:53Z,8.754,10.3858,41.94,1.1116,0.0852,2.3265,2.5909,63.946984,90.383,0.0585,0.479,0.11602,7.206172899242365,0.076,0
2024-07-08T09:47:53Z,8.774,10.3821,41.94,1.0544,0.0852,2.3265,2.0924,63.996302,90.455,0.0575,0.477,0.11615,7.213078937080742,0.074,0
2024-07-08T09:47:53Z,8.793,10.3784,41.94,1.062,0.0852,2.3265,2.1075,64.048081,90.529,0.0561,0.477,0.11607,7.220158444739629,0.072,0
2024-07-08T09:47:53Z,8.811,10.3754,41.94,1.0697,0.0852,2.2419,2.0773,64.08421,90.581,0.0546,0.476,0.1161,7.2252129777279634,0.07,0
2024-07-08T09:47:53Z,8.829,10.3733,41.94,1.0659,0.0852,2.2419,2.1377,64.090384,90.59,0.0535,0.475,0.11605,7.226399149137863,0.067,0
2024-07-08T09:47:53Z,8.845,10.3721,41.94,1.0506,0.0852,2.2419,2.1377,64.108148,90.613,0.0533,0.473,0.1159,7.228609333501069,0.063,0
2024-07-08T09:47:53Z,8.861,10.3716,41.94,1.0468,0.0852,2.2419,2.1679,64.180142,90.714,0.0533,0.47,0.11612,7.2373778005929905,0.059,0
2024-07-08T09:47:53Z,8.876,10.3714,41.67,1.043,0.0852,2.2842,2.032,64.287663,90.866,0.0532,0.468,0.1161,7.250467428625969,0.055,0
2024-07-08T09:47:53Z,8.89,10.3716,41.67,1.062,0.0852,2.2842,2.1377,64.391553,91.015,0.0531,0.468,0.11612,7.263221980513426,0.051,0
2024-07-08T09:47:53Z,8.903,10.3722,41.67,1.0392,0.0852,2.2842,1.6241,64.471638,91.134,0.0529,0.471,0.11602,7.273322002452149,0.047,0
2024-07-08T09:47:53Z,8.914,10.3728,41.67,1.0582,0.0852,2.2842,1.6996,64.517354,91.206,0.0526,0.477,0.11605,7.279385728584587,0.043,0
2024-07-08T09:47:53Z,8.923,10.3727,41.49,1.0315,0.0426,2.4111,1.5939,64.54488,91.253,0.0524,0.482,0.11612,7.283441972730035,0.041,0
2024-07-08T09:47:53Z,8.932,10.3717,41.49,1.0544,0.0426,2.4111,1.6241,64.583503,91.315,0.0524,0.488,0.1159,7.288966641698864,0.039,0
2024-07-08T09:47:53Z,8.942,10.3695,41.49,0.9781,0.0426,2.4111,1.7449,64.637536,91.398,0.0527,0.495,0.116,7.2965359600004565,0.038,0
2024-07-08T09:47:53Z,8.951,10.3666,41.49,1.0277,0.0426,2.4111,1.7449,64.691463,91.479,0.0534,0.5,0.1161,7.304074794074291,0.039,0
2024-07-08T09:47:53Z,8.961,10.3636,41.49,0.9857,0.0426,2.4111,1.7752,64.735725,91.546,0.053900000000000003,0.501,0.11605,7.310432215514203,0.041,0
2024-07-08T09:47:53Z,8.972,10.3608,41.22,0.9743,0.0426,2.3265,1.896,64.786114,91.622,0.0546,0.497,0.11602,7.317524404097077,0.043,0
2024-07-08T09:47:53Z,8.983,10.3583,41.22,1.0353,0.0426,2.3265,2.0773,64.848088,91.714,0.0554,0.492,0.11577,7.325933573210025,0.045,0
2024-07-08T09:47:53Z,8.994,10.3562,41.22,1.0392,0.0426,2.3265,2.1377,64.934183,91.843,0.056,0.489,0.11615,7.3374458747451214,0.047,0
2024-07-08T09:47:53Z,9.007,10.3544,41.22,1.0735,0.0426,2.3265,2.1377,65.091297,92.076,0.0561,0.487,0.11605,7.357845558536239,0.05,0
2024-07-08T09:47:53Z,9.02,10.3529,41.67,1.0506,0.0852,2.2419,2.0773,65.339383,92.441,0.0556,0.482,0.1162,7.389548999652669,0.052,0
2024-07-08T09:47:53Z,9.033,10.3511,41.67,1.0849,0.0852,2.2419,2.1679,65.664795,92.921,0.055,0.475,0.11612,7.431227717540852,0.054,0
2024-07-08T09:47:53Z,9.048,10.3484,41.67,1.0506,0.0852,2.2419,2.2888,66.04059,93.476,0.0547,0.466,0.11607,7.479575071190407,0.056,0
2024-07-08T09:47:53Z,9.062,10.3444,41.67,1.043,0.0852,2.2419,2.2132,66.413357,94.032,0.0545,0.461,0.11605,7.528309750141236,0.057,0
2024-07-08T09:47:53Z,9.077,10.3389,41.58,1.043,0.0852,2.3265,2.2737,66.720891,94.498,0.054,0.458,0.11617,7.5696290192587785,0.057,0
2024-07-08T09:47:53Z,9.093,10.3317,41.58,1.0773,0.0852,2.3265,2.5003,66.957412,94.863,0.0532,0.456,0.116,7.602616258169854,0.057,0
2024-07-08T09:47:53Z,9.108,10.3228,41.58,1.0811,0.0852,2.3265,2.5003,67.203949,95.239,0.0522,0.457,0.11617,7.636933326328847,0.056,0
2024-07-08T09:47:53Z,9.122,10.3123,41.58,1.0773,0.0852,2.3265,2.5003,67.498309,95.68,0.0516,0.467,0.116,7.677232235266255,0.054,0
2024-07-08T09:47:53Z,9.135,10.3005,41.58,1.0659,0.0852,2.3265,2.5607,67.785307,96.113,0.0513,0.484,0.11612,7.7171536231793905,0.053,0
2024-07-08T09:47:53Z,9.148,10.2894,41.49,1.0048,0.0426,2.4957,2.5305,68.031735,96.487,0.0511,0.497,0.11607,7.751861236678741,0.052,0
2024-07-08T09:47:53Z,9.16,10.2798,41.49,0.9972,0.0426,2.4957,2.5305,68.273375,96.853,0.0513,0.502,0.1159,7.785588346364537,0.052,0
2024-07-08T09:47:53Z,9.173,10.2708,41.49,1.0086,0.0426,2.4957,2.5003,68.632529,97.384,0.0524,0.503,0.11612,7.833512714511796,0.052,0
2024-07-08T09:47:53Z,9.187,10.2614,41.49,0.9972,0.0426,2.4957,2.3945,69.200978,98.214,0.0543,0.501,0.1161,7.907504369741506,0.054,0
2024-07-08T09:47:53Z,9.2,10.2522,41.4,1.0506,0.0852,2.4111,2.183,69.932768,99.281,0.0557,0.5,0.11607,8.0021294443211,0.056,0
2024-07-08T09:47:53Z,9.214,10.2438,41.4,1.0468,0.0852,2.4111,2.1377,70.781598,100.52,0.0563,0.499,0.11597,8.111675614900522,0.059,0
2024-07-08T09:47:53Z,9.229,10.2362,41.4,1.0392,0.0852,2.4111,2.2586,71.74633,101.927,0.0564,0.496,0.11615,8.235848179103908,0.062,0
2024-07-08T09:47:53Z,9.246,10.2281,41.4,1.0468,0.0852,2.4111,2.2888,72.774904,103.428,0.0562,0.499,0.11592,8.368545821338387,0.064,0
2024-07-08T09:47:53Z,9.264,10.2181,41.22,1.1727,0.0852,2.2842,2.6815,73.738462,104.837,0.0561,0.507,0.11605,8.493884279945497,0.066,0
2024-07-08T09:47:53Z,9.282,10.2063,41.22,1.1689,0.0852,2.2842,2.6815,74.484796,105.933,0.056,0.511,0.11612,8.592482926560997,0.067,0
2024-07-08T09:47:53Z,9.299,10.1935,41.22,1.1689,0.0852,2.2842,2.7873,74.955447,106.63,0.0557,0.503,0.1161,8.656526827113552,0.065,0
2024-07-08T09:47:53Z,9.316,10.1801,41.22,1.1727,0.0852,2.2842,2.6815,75.222029,107.029,0.056,0.487,0.11602,8.694675658688439,0.062,0
2024-07-08T09:47:53Z,9.333,10.1669,42.21,1.2871,0.0426,2.7072,3.2103,75.347644,107.219,0.0569,0.471,0.11595,8.714487733886555,0.058,0
2024-07-08T09:47:53Z,9.347,10.155,42.21,1.2833,0.0426,2.7072,3.2103,75.329861,107.198,0.0574,0.459,0.11602,8.715494566385562,0.053,0
2024-07-08T09:47:53Z,9.36,10.1455,42.21,1.2909,0.0426,2.7072,3.1952,75.199867,107.011,0.0566,0.452,0.11602,8.701363501063291,0.048,0
2024-07-08T09:47:53Z,9.371,10.1389,42.21,1.3024,0.0426,2.7072,3.1649,75.03278,106.766,0.0548,0.447,0.1161,8.681446919398596,0.042,0
2024-07-08T09:47:53Z,9.381,10.135,42.21,1.2833,0.0426,2.7072,3.1347,74.877858,106.534,0.053,0.444,0.11615,8.662024980127494,0.036,0
2024-07-08T09:47:53Z,9.389,10.1335,41.58,1.2909,0.0852,2.3265,3.2405,74.719737,106.294,0.0516,0.446,0.11615,8.641331301115763,0.03,0
2024-07-08T09:47:53Z,9.396,10.1341,41.58,1.2986,0.0852,2.3265,3.2405,74.512259,105.982,0.0509,0.455,0.11615,8.613830180322976,0.026,0
2024-07-08T09:47:53Z,9.401,10.1366,41.58,1.3024,0.0852,2.3265,3.1952,74.246004,105.585,0.0503,0.463,0.11605,8.578439622400836,0.022,0
2024-07-08T09:47:53Z,9.406,10.1406,41.58,1.2337,0.0852,2.3265,3.0139,73.96973,105.171,0.0499,0.466,0.11595,8.541225039048063,0.019,0
2024-07-08T09:47:53Z,9.41,10.1456,41.67,1.2413,0.0426,2.4111,2.8326,73.717543,104.792,0.0502,0.472,0.1159,8.506862512947542,0.016,0
2024-07-08T09:47:53Z,9.413,10.1512,41.67,1.2375,0.0426,2.4111,2.9837,73.380279,104.293,0.0512,0.485,0.11605,8.461880389590076,0.014,0
2024-07-08T09:47:53Z,9.417,10.1573,41.67,1.2451,0.0426,2.4111,2.9535,72.897937,103.589,0.052,0.5,0.116,8.398891409533665,0.012,0
2024-07-08T09:47:53Z,9.42,10.1641,41.67,1.1574,0.0426,2.4111,2.6815,72.421311,102.89,0.0524,0.508,0.11617,8.336239072937312,0.011,0
2024-07-08T09:47:53Z,9.422,10.1712,41.67,1.165,0.0852,2.4534,2.742,72.104706,102.416,0.053,0.507,0.11612,8.293221917035286,0.01,0
2024-07-08T09:47:53Z,9.424,10.1777,41.67,1.165,0.0852,2.4534,2.6362,72.001397,102.248,0.0545,0.501,0.11617,8.277077436323635,0.01,0
2024-07-08T09:47:53Z,9.426,10.184,41.67,1.1727,0.0852,2.4534,2.7873,72.059888,102.317,0.0562,0.493,0.11612,8.281665669913354,0.01,0
2024-07-08T09:47:53Z,9.428,10.1914,41.67,1.1917,0.0852,2.4534,2.7722,72.245887,102.574,0.0571,0.483,0.11592,8.302406996780928,0.011,0
2024-07-08T09:47:53Z,9.431,10.1998,40.68,1.2604,0.0852,2.2842,3.0743,72.670858,103.176,0.057,0.473,0.11605,8.35302816715808,0.012,0
2024-07-08T09:47:53Z,9.434,10.2072,40.68,1.2451,0.0852,2.2842,3.029,73.509993,104.377,0.0563,0.465,0.11623,8.456206620699959,0.015,0
2024-07-08T09:47:53Z,9.438,10.212,40.68,1.2337,0.0852,2.2842,3.0592,74.839377,106.296,0.0553,0.464,0.11612,8.622879036827122,0.018,0
2024-07-08T09:47:53Z,9.443,10.2147,40.68,1.2184,0.0852,2.2842,2.9988,76.52054,108.74,0.0543,0.472,0.11617,8.836326983201294,0.022,0
2024-07-08T09:47:53Z,9.449,10.2157,40.68,1.2642,0.0852,2.2842,2.6664,78.381047,111.452,0.0532,0.482,0.11612,9.07417414815661,0.026,0
2024-07-08T09:47:53Z,9.456,10.2128,40.77,1.2528,0.0852,2.4534,2.7269,80.527791,114.568,0.0523,0.488,0.11597,9.349157111824807,0.029,0
2024-07-08T09:47:53Z,9.464,10.2031,40.77,1.207,0.0852,2.4534,2.7571,83.401485,118.704,0.0521,0.492,0.11605,9.71688601554972,0.033,0
2024-07-08T09:47:53Z,9.474,10.1855,40.77,1.2451,0.0852,2.4534,2.6966,87.65665,124.791,0.0531,0.496,0.1159,10.261603400060633,0.035,0
2024-07-08T09:47:53Z,9.484,10.164,40.77,2.4659,0.0852,2.4534,6.0654,94.182442,134.096,0.0542,0.501,0.116,11.098630772759144,0.037,0
2024-07-08T09:47:53Z,9.494,10.1442,41.85,2.4888,0.0852,2.5803,6.0805,103.786526,147.773,0.0549,0.508,0.116,12.33713212457409,0.038,0
2024-07-08T09:47:53Z,9.504,10.1294,41.85,2.4659,0.0852,2.5803,6.0201,115.425134,164.337,0.0554,0.511,0.11605,13.851025039864641,0.038,0
2024-07-08T09:47:53Z,9.514,10.12,41.85,2.4697,0.0852,2.5803,6.1258,125.575265,178.772,0.0559,0.512,0.11605,15.183093932425148,0.037,0
2024-07-08T09:47:53Z,9.523,10.1152,41.85,5.8305,0.0852,2.5803,49.8136,131.68774,187.453,0.0564,0.508,0.11595,15.989807572660537,0.035,0
2024-07-08T09:47:53Z,9.532,10.1139,42.93,5.8229,0.0852,2.6226,49.8438,133.969335,190.679,0.0572,0.497,0.116,16.29048932177058,0.033,0
2024-07-08T09:47:53Z,9.54,10.1152,42.93,5.8076,0.0852,2.6226,49.7985,134.237681,191.039,0.0576,0.479,0.116,16.323428721994883,0.031,0
2024-07-08T09:47:53Z,9.548,10.1184,42.93,5.8496,0.0852,2.6226,49.8438,134.532461,191.436,0.0576,0.465,0.1161,16.358964357615566,0.028,0
2024-07-08T09:47:53Z,9.555,10.1225,42.93,-0.2769,0.0852,2.6226,0.4307,135.391034,192.632,0.0572,0.459,0.11597,16.468546088215707,0.024,0
2024-07-08T09:47:53Z,9.561,10.1267,42.93,-0.2884,0.0852,2.6226,0.4156,136.77819,194.58,0.0559,0.463,0.116,16.648277156918095,0.02,0
2024-07-08T09:47:53Z,9.566,10.1308,41.76,-0.2693,0.0426,2.4957,0.4458,138.747539,197.358,0.053900000000000003,0.474,0.116,16.905747712376595,0.015,0
2024-07-08T09:47:53Z,9.569,10.1351,41.76,-0.2846,0.0426,2.4957,0.3552,140.883278,200.377,0.0523,0.484,0.1161,17.186029378325504,0.009,0
2024-07-08T09:47:53Z,9.571,10.1397,41.76,-0.2808,0.0426,2.4957,-1.1706,142.745768,203.014,0.0516,0.49,0.11615,17.430782232848504,0.002,0
