DateTime,Depth_m,Temp_C,Chla_ugL,Turbidity_NTU,Cond_uScm,SpCond_uScm,DO_mgL,DOsat_percent,pH,ORP_mV,PAR,Salinity,DescRate_ms ,Flag
2024-07-15T11:43:08Z,-0.103,27.5357,2.324,14.1351,44.745815,42.572,6.8152,86.231,7.409,144.2894,1475.7,2.1402741812308643,0.023,0
2024-07-15T11:43:08Z,-0.097,27.5413,2.3609,14.0921,44.731854,42.57,6.8067,86.252,7.408,144.6477,1304.7,2.139918242068747,0.034,0
2024-07-15T11:43:08Z,-0.09,27.5465,2.399,13.9571,44.749205,42.603,6.803,86.292,7.407,144.9851,1137,2.14144785290481,0.044,0
2024-07-15T11:43:08Z,-0.079,27.5518,2.4195,13.8701,44.76514,42.632,6.8014,86.383,7.407,144.9271,914.61,2.1427591860237367,0.052,0
2024-07-15T11:43:08Z,-0.063,27.5514,2.4247,13.8938,44.734078,42.611,6.8024,86.505,7.408,144.8057,736.81,2.141656084108978,0.057,0
2024-07-15T11:43:08Z,-0.043,27.5354,2.4627,14.0038,44.690998,42.574,6.8069,86.585,7.409,145.6687,744.65,2.1403931181111715,0.061,0
2024-07-15T11:43:08Z,-0.023,27.5112,2.5207,14.1073,44.688595,42.574,6.8099,86.559,7.41,156.9963,855.82,2.1414699181169743,0.063,0
2024-07-15T11:43:08Z,-0.007,27.492,2.5357,14.1206,44.705016,42.594,6.8214,86.492,7.414,176.1963,1098.4,2.1433933414526924,0.065,0
2024-07-15T11:43:08Z,0.004,27.4835,2.5269,14.0968,44.699113,42.593,6.8328,86.438,7.42,180.3542,1300.7,2.1437187509217592,0.065,0
2024-07-15T11:43:08Z,0.018,27.4802,2.5308,14.092,44.680688,42.58,6.8443,86.378,7.425,168.3801,1302.5,2.1431710474906684,0.066,0
2024-07-15T11:43:08Z,0.037,27.4762,2.5581,14.2342,44.672666,42.578,6.8389,86.365,7.426,156.5192,1331.5,2.1432421017513565,0.067,0
2024-07-15T11:43:08Z,0.057,27.4715,2.5995,14.45,44.665591,42.575,6.8304,86.356,7.425,151.0333,1198.8,2.143290915308157,0.069,0
2024-07-15T11:43:08Z,0.076,27.4661,2.6146,14.4455,44.658615,42.571,6.833,86.339,7.423,149.5445,880.38,2.1433176040480912,0.071,0
2024-07-15T11:43:08Z,0.093,27.4603,2.6067,14.316,44.651785,42.567,6.8208,86.362,7.42,148.7562,771.62,2.1433621133322895,0.072,0
2024-07-15T11:43:08Z,0.109,27.4534,2.6207,14.3197,44.646487,42.567,6.8265,86.439,7.42,148.213,842.17,2.143669616616319,0.07,0
2024-07-15T11:43:08Z,0.127,27.4487,2.6594,14.4227,44.658018,42.584,6.8261,86.598,7.419,147.7954,883.5,2.144787987626177,0.067,0
2024-07-15T11:43:08Z,0.147,27.4462,2.6757,14.4676,44.664242,42.595,6.8217,86.808,7.419,147.3214,951.35,2.145487375554627,0.062,0
2024-07-15T11:43:08Z,0.165,27.4422,2.6674,14.4183,44.658249,42.594,6.8261,87.01,7.42,146.8691,1040.5,2.1456121739459277,0.057,0
2024-07-15T11:43:08Z,0.18,27.4367,2.6001,14.3054,44.64903,42.589,6.8297,87.194,7.422,146.6282,979.05,2.145590151901138,0.051,0
2024-07-15T11:43:08Z,0.19,27.4283,2.4876,14.1951,44.616251,42.564,6.8451,87.355,7.423,146.4737,807.1,2.1446278536162544,0.043,0
2024-07-15T11:43:08Z,0.199,27.4209,2.4466,14.1782,44.579292,42.536,6.865,87.472,7.424,146.292,656.98,2.143460164665317,0.038,0
2024-07-15T11:43:08Z,0.206,27.4183,2.4545,14.2031,44.583009,42.547,6.8814,87.556,7.424,146.2379,659.2,2.1441645913254055,0.037,0
2024-07-15T11:43:08Z,0.212,27.4138,2.4163,14.2231,44.597694,42.569,6.8955,87.597,7.424,146.3364,747.51,2.145542590950249,0.042,0
2024-07-15T11:43:08Z,0.22,27.4038,2.3427,14.2833,44.566405,42.549,6.9119,87.594,7.423,146.5367,698.43,2.144918956713756,0.05,0
2024-07-15T11:43:08Z,0.232,27.395,2.3139,14.3513,44.522068,42.516,6.9199,87.552,7.422,146.8519,563.66,2.1435455277942257,0.059,0
2024-07-15T11:43:08Z,0.251,27.3872,2.3338,14.3961,44.50593,42.512,6.929,87.467,7.421,147.1365,511.68,2.143679328076176,0.065,0
2024-07-15T11:43:08Z,0.275,27.3755,2.4093,14.3798,44.498222,42.519,6.9338,87.386,7.42,147.3974,525.85,2.144576244941992,0.067,0
2024-07-15T11:43:08Z,0.298,27.3624,2.5349,14.2567,44.492325,42.529,6.9338,87.321,7.419,147.7697,521.55,2.1456968967720615,0.067,0
2024-07-15T11:43:08Z,0.316,27.3532,2.6045,14.1372,44.498082,42.548,6.9339,87.254,7.419,148.196,500.97,2.147125894625392,0.067,0
2024-07-15T11:43:08Z,0.327,27.3419,2.6098,14.1312,44.504326,42.564,6.9252,87.176,7.419,148.5065,495.56,2.1484889511848912,0.066,0
2024-07-15T11:43:08Z,0.336,27.3223,2.6077,14.15,44.504327,42.571,6.9215,87.042,7.42,148.6854,500.79,2.149742333742257,0.063,0
2024-07-15T11:43:08Z,0.351,27.301,2.6539,14.1254,44.498084,42.571,6.9202,86.814,7.422,148.8094,497.38,2.150697236167081,0.061,0
2024-07-15T11:43:08Z,0.374,27.2836,2.7435,14.1068,44.492305,42.574,6.9161,86.524,7.424,148.9747,483.36,2.1516384811059313,0.059,0
2024-07-15T11:43:08Z,0.394,27.2709,2.7837,14.0963,44.497917,42.587,6.9134,86.226,7.425,149.2213,465.21,2.1529060805314084,0.058,0
2024-07-15T11:43:08Z,0.408,27.2657,2.7745,14.1349,44.502445,42.597,6.9052,85.905,7.426,149.3809,458.77,2.15367622946954,0.055,0
2024-07-15T11:43:08Z,0.418,27.2594,2.723,14.2662,44.48356,42.583,6.8866,85.489,7.428,149.4417,469.83,2.1532076744747903,0.05,0
2024-07-15T11:43:08Z,0.428,27.2455,2.6361,14.3855,44.460005,42.561,6.8624,84.971,7.43,149.6129,480.73,2.152650979224792,0.044,0
2024-07-15T11:43:08Z,0.439,27.2368,2.59,14.3822,44.471551,42.571,6.8412,84.47,7.431,149.9022,476.55,2.153578817331228,0.039,0
2024-07-15T11:43:08Z,0.449,27.2294,2.5731,14.2946,44.496211,42.593,6.8188,84.11,7.433,150.0997,474.75,2.1550932289619746,0.035,0
2024-07-15T11:43:08Z,0.458,27.2232,2.5808,14.18,44.504259,42.599,6.7885,83.945,7.435,150.1942,498.86,2.1556944902082362,0.033,0
2024-07-15T11:43:08Z,0.467,27.2235,2.6413,14.0559,44.505387,42.597,6.7419,83.954,7.437,150.271,538.48,2.1555733453587282,0.031,0
2024-07-15T11:43:08Z,0.474,27.2264,2.689,13.9897,44.509859,42.599,6.6982,84.107,7.437,150.4256,589.82,2.1555501083875592,0.029,0
2024-07-15T11:43:08Z,0.479,27.2291,2.6838,13.9593,44.494864,42.588,6.668,84.402,7.438,150.6878,622.32,2.154837553595676,0.027,0
2024-07-15T11:43:08Z,0.486,27.2287,2.6028,13.9615,44.45102,42.559,6.6553,84.733,7.439,150.8598,571.65,2.1532975692559027,0.027,0
2024-07-15T11:43:08Z,0.493,27.2326,2.4838,14.0851,44.424056,42.55,6.6585,84.953,7.441,150.8705,482.42,2.152638684656832,0.028,0
2024-07-15T11:43:08Z,0.499,27.2386,2.4434,14.1905,44.422722,42.561,6.6664,84.993,7.443,150.8172,432.04,2.1529596626439487,0.028,0
2024-07-15T11:43:08Z,0.507,27.2374,2.4556,14.1769,44.434862,42.58,6.6953,84.942,7.445,150.8173,418.56,2.1540339213531747,0.028,0
2024-07-15T11:43:08Z,0.517,27.2179,2.4319,14.1934,44.443879,42.59,6.7275,84.92,7.447,150.8713,443.22,2.1554483206449415,0.029,0
2024-07-15T11:43:08Z,0.525,27.1932,2.3823,14.2537,44.404794,42.555,6.7514,84.917,7.449,150.9542,479.86,2.1546789728923614,0.031,0
2024-07-15T11:43:08Z,0.529,27.1775,2.3632,14.2907,44.343142,42.51,6.7534,84.891,7.45,151.1309,490.97,2.152966132324185,0.035,0
2024-07-15T11:43:08Z,0.534,27.1678,2.3665,14.333,44.333179,42.524,6.7438,84.787,7.45,151.2872,512.8,2.1541555315433683,0.037,0
2024-07-15T11:43:08Z,0.545,27.1717,2.3229,14.39,44.347768,42.557,6.7454,84.608,7.45,151.4673,537.54,2.1557544445508556,0.039,0
2024-07-15T11:43:08Z,0.56,27.1745,2.2439,14.3993,44.32908,42.547,6.7441,84.455,7.452,151.7601,519.13,2.155090149782478,0.041,0
2024-07-15T11:43:08Z,0.574,27.1558,2.1937,14.3426,44.297634,42.521,6.747,84.378,7.454,151.9017,497.4,2.1545336236789088,0.043,0
2024-07-15T11:43:08Z,0.584,27.1174,2.1819,14.3199,44.284926,42.511,6.7444,84.331,7.455,151.8887,497.23,2.155725716174522,0.043,0
2024-07-15T11:43:08Z,0.593,27.0917,2.1934,14.329,44.302377,42.532,6.7282,84.298,7.456,152.0339,486.13,2.1580161389565253,0.044,0
2024-07-15T11:43:08Z,0.602,27.0864,2.2079,14.2818,44.318207,42.552,6.7151,84.303,7.456,152.2799,458.7,2.1593328308427058,0.047,0
2024-07-15T11:43:08Z,0.611,27.0825,2.207,14.1943,44.285888,42.529,6.7124,84.348,7.455,152.368,428.88,2.158269634553878,0.054,0
2024-07-15T11:43:08Z,0.624,27.08,2.1898,14.1252,44.228971,42.489,6.7093,84.402,7.454,152.412,418.78,2.156227046933642,0.064,0
2024-07-15T11:43:08Z,0.642,27.0758,2.1834,14.1284,44.201287,42.483,6.7055,84.397,7.454,152.5531,432.26,2.156092930409085,0.072,0
2024-07-15T11:43:08Z,0.665,27.0687,2.1966,14.1986,44.205025,42.505,6.707,84.28,7.454,152.6967,440.16,2.1575985286668358,0.076,0
2024-07-15T11:43:08Z,0.691,27.0623,2.2072,14.2569,44.210669,42.522,6.7121,84.096,7.455,152.8581,419.86,2.15880327287645,0.074,0
2024-07-15T11:43:08Z,0.714,27.0457,2.2119,14.2194,44.206028,42.522,6.7205,83.946,7.455,153.0416,385.21,2.1595531989039505,0.067,0
2024-07-15T11:43:08Z,0.731,27.0143,2.204,14.1207,44.212373,42.529,6.7263,83.865,7.455,153.0236,377.05,2.161351204533311,0.057,0
2024-07-15T11:43:08Z,0.744,26.9898,2.1945,14.0532,44.223913,42.542,6.7183,83.815,7.455,152.8982,417.6,2.163162459469905,0.044,0
2024-07-15T11:43:08Z,0.75,26.978,2.1972,14.0186,44.218606,42.54,6.7007,83.752,7.455,152.9021,465.7,2.163589367090841,0.033,0
2024-07-15T11:43:08Z,0.752,26.9725,2.2027,14.0097,44.211678,42.536,6.6891,83.683,7.455,152.8989,447.1,2.163622839509636,0.025,0
2024-07-15T11:43:08Z,0.756,26.9719,2.2121,14.0132,44.203613,42.528,6.684,83.623,7.455,152.9447,387.69,2.1632179171515826,0.021,0
2024-07-15T11:43:08Z,0.762,26.9721,2.2107,13.9594,44.184571,42.508,6.6818,83.55,7.456,153.1987,365.05,2.162128546317708,0.022,0
2024-07-15T11:43:08Z,0.767,26.9678,2.2021,13.8718,44.171866,42.499,6.6769,83.455,7.456,153.4745,373.37,2.1618372817139355,0.026,0
2024-07-15T11:43:08Z,0.771,26.9618,2.1995,13.9101,44.176947,42.512,6.6706,83.347,7.456,153.7843,389.56,2.1628114111337267,0.034,0
2024-07-15T11:43:08Z,0.78,26.9632,2.2048,14.0132,44.182515,42.526,6.6675,83.213,7.455,154.1904,391.09,2.1635039146453416,0.045,0
2024-07-15T11:43:08Z,0.792,26.9681,2.2666,13.9912,44.175691,42.531,6.661,83.02,7.453,154.513,360.87,2.163551452855834,0.057,0
2024-07-15T11:43:08Z,0.806,26.9642,2.3635,13.9171,44.157899,42.528,6.6534,82.756,7.451,154.6735,345.96,2.163566110127407,0.067,0
2024-07-15T11:43:08Z,0.827,26.9511,2.4105,13.9023,44.157797,42.542,6.6466,82.426,7.45,154.7545,351.14,2.164916398765879,0.071,0
2024-07-15T11:43:08Z,0.855,26.9408,2.419,13.9145,44.174427,42.565,6.6386,81.991,7.451,154.8896,335.84,2.1666263758801922,0.069,0
2024-07-15T11:43:08Z,0.88,26.9302,2.4333,13.8937,44.168537,42.56,6.6249,81.44,7.451,155.103,309.55,2.1668372427507676,0.064,0
2024-07-15T11:43:08Z,0.895,26.9095,2.5834,13.685,44.150057,42.542,6.6051,80.875,7.452,155.3561,294.13,2.1668046578805766,0.061,0
2024-07-15T11:43:08Z,0.9,26.8876,2.8613,13.3386,44.141421,42.536,6.5831,80.433,7.452,155.54,293.12,2.1674759569493367,0.058,0
2024-07-15T11:43:08Z,0.905,26.8805,3.0038,13.1904,44.127584,42.531,6.5508,80.145,7.453,155.6059,290.94,2.1675283986583542,0.054,0
2024-07-15T11:43:08Z,0.918,26.8836,3.0337,13.1904,44.10969,42.536,6.5028,79.963,7.455,155.5507,284.32,2.167657656365649,0.054,0
2024-07-15T11:43:08Z,0.94,26.8846,3.3972,12.8954,44.115453,42.585,6.4521,79.826,7.456,155.4742,279.26,2.170262927496071,0.055,0
2024-07-15T11:43:08Z,0.961,26.8817,4.0693,12.3217,44.133722,42.656,6.4171,79.574,7.456,155.5416,268.97,2.1742369236104557,0.057,0
2024-07-15T11:43:08Z,0.975,26.8767,4.4272,11.9926,44.140067,42.711,6.3966,78.854,7.457,155.7638,259.37,2.1774420351475325,0.06,0
2024-07-15T11:43:08Z,0.985,26.8538,4.4616,11.9216,44.128618,42.73,6.386,77.319,7.458,156.0962,258.88,2.179517995813417,0.06,0
2024-07-15T11:43:08Z,0.995,26.795,4.6261,11.4294,44.122196,42.725,6.3843,74.989,7.458,156.377,257.47,2.1819406302204207,0.058,0
2024-07-15T11:43:08Z,1.01,26.7223,4.944,10.5167,44.125885,42.715,6.384,72.369,7.457,156.4914,246.7,2.1847355095490566,0.054,0
2024-07-15T11:43:08Z,1.03,26.6597,5.1263,10.0063,44.109772,42.7,6.3467,70.194,7.457,156.5333,239.76,2.1867999673361034,0.051,0
2024-07-15T11:43:08Z,1.05,26.6158,5.1238,9.9039,44.117798,42.735,6.2284,68.883,7.458,156.6252,239.86,2.190727893431931,0.049,0
2024-07-15T11:43:08Z,1.06,26.6183,4.9558,9.7228,44.159417,42.815,6.0261,68.285,7.46,156.7418,237.04,2.1949672735968515,0.049,0
2024-07-15T11:43:08Z,1.064,26.6544,4.6674,9.491,44.168596,42.864,5.7864,67.879,7.462,156.9113,235.7,2.195964210710063,0.05,0
2024-07-15T11:43:08Z,1.071,26.6584,4.5246,9.4236,44.165237,42.899,5.5983,67.078,7.464,157.1261,237.71,2.197683101691114,0.051,0
2024-07-15T11:43:08Z,1.085,26.6148,4.511,9.4551,44.182212,42.949,5.5038,65.459,7.466,157.2738,234.54,2.2024251339423726,0.055,0
2024-07-15T11:43:08Z,1.104,26.5626,4.2695,9.0864,44.183364,42.998,5.478,62.98,7.467,157.4065,224.29,2.2075212822486643,0.06,0
2024-07-15T11:43:08Z,1.126,26.5148,3.8107,8.3807,44.1791,43.067,5.467,59.907,7.467,157.5256,212.85,2.2135143080039668,0.062,0
2024-07-15T11:43:08Z,1.145,26.4659,3.5582,8.0277,44.194015,43.149,5.4216,56.493,7.468,157.5956,203.21,2.2202813659098304,0.059,0
2024-07-15T11:43:08Z,1.159,26.4346,3.5386,8.0288,44.173157,43.163,5.2954,52.812,7.47,157.7362,198.61,2.2225154072748268,0.054,0
2024-07-15T11:43:08Z,1.169,26.3913,3.5399,8.0523,44.11728,43.125,5.0885,48.968,7.471,157.9356,200.84,2.2224704067089522,0.049,0
2024-07-15T11:43:08Z,1.177,26.2834,3.5161,8.0044,44.089669,43.136,4.8431,45.467,7.471,158.028,203.73,2.228154323100897,0.045,0
2024-07-15T11:43:08Z,1.186,26.1826,3.4842,7.928,44.093155,43.216,4.5737,42.802,7.472,158.0782,198.69,2.2373183874406855,0.042,0
2024-07-15T11:43:08Z,1.199,26.1553,3.4781,7.9149,44.095835,43.305,4.2821,40.823,7.473,158.1991,188.55,2.2435113761286902,0.042,0
2024-07-15T11:43:08Z,1.213,26.155,3.5253,7.9492,44.058461,43.345,3.952,38.929,7.473,158.3718,185.4,2.2457265511634756,0.046,0
2024-07-15T11:43:08Z,1.223,26.1221,3.9139,7.9322,44.021998,43.387,3.65,36.725,7.473,158.8752,187.15,2.249608249877813,0.051,0
2024-07-15T11:43:08Z,1.232,26.0101,4.581,7.8121,44.035697,43.474,3.4493,34.292,7.473,159.8121,184.52,2.2597717820635332,0.055,0
2024-07-15T11:43:08Z,1.245,25.8946,4.9245,7.7267,44.033555,43.522,3.3162,31.557,7.471,160.6646,178.26,2.2679910644047157,0.056,0
2024-07-15T11:43:08Z,1.265,25.8237,5.0044,7.7195,43.996022,43.516,3.1841,28.311,7.469,161.2676,173.03,2.27108802631564,0.056,0
2024-07-15T11:43:08Z,1.285,25.726,5.6053,7.6909,43.962697,43.502,2.9968,24.829,7.469,161.6817,169.87,2.2750501876581124,0.056,0
2024-07-15T11:43:08Z,1.298,25.6254,6.6879,7.6202,43.947965,43.502,2.806,21.618,7.47,162.058,166.08,2.2799470586821493,0.053,0
2024-07-15T11:43:08Z,1.308,25.5753,7.2663,7.5481,43.944823,43.518,2.6016,18.983,7.471,162.6342,162.84,2.283284231404962,0.046,0
2024-07-15T11:43:08Z,1.32,25.5405,7.2967,7.5014,43.924673,43.512,2.3231,16.995,7.47,163.0561,160.11,2.2846512238917622,0.038,0
2024-07-15T11:43:08Z,1.331,25.5193,7.2382,7.4659,43.831265,43.437,2.0224,15.678,7.469,163.2014,155.61,2.2815034500432025,0.033,0
2024-07-15T11:43:08Z,1.337,25.5158,7.1417,7.4603,43.704054,43.359,1.751,15.073,7.469,163.2728,153.1,2.2773221054055024,0.032,0
2024-07-15T11:43:08Z,1.34,25.4794,7.0957,7.5014,43.655987,43.389,1.536,15.051,7.469,163.4032,152.25,2.280774462269639,0.035,0
2024-07-15T11:43:08Z,1.345,25.4643,7.0652,7.5196,43.630807,43.433,1.3743,15.245,7.469,163.8307,149.39,2.2839707472400987,0.041,0
2024-07-15T11:43:08Z,1.355,25.4669,6.7641,7.4751,43.589921,43.438,1.2623,15.217,7.469,164.3991,144.89,2.284122553806492,0.046,0
2024-07-15T11:43:08Z,1.37,25.4084,6.2353,7.4413,43.605884,43.49,1.2176,14.755,7.468,165.0261,139.83,2.2898988768036332,0.05,0
2024-07-15T11:43:08Z,1.39,25.2938,5.9651,7.4869,43.633343000000004,43.543,1.2299,13.978,7.468,165.7333,135.68,2.298513850425167,0.05,0
2024-07-15T11:43:08Z,1.41,25.207,5.9602,7.5492,43.604521,43.529,1.2626,13.072,7.468,166.238,133.7,2.302022306847736,0.048,0
2024-07-15T11:43:08Z,1.421,25.1715,5.9435,7.5447,43.574744,43.505,1.2694,12.201,7.468,166.5685,132.38,2.3024327736544845,0.043,0
2024-07-15T11:43:08Z,1.424,25.1212,5.8041,7.5006,43.590672,43.508,1.2248000000000001,11.558,7.468,166.805,130.32,2.3050981385668,0.038,0
2024-07-15T11:43:08Z,1.429,25.0924,5.5897,7.4603,43.606702,43.496,1.156,11.228,7.468,166.9461,127.88,2.3058537138942294,0.034,0
2024-07-15T11:43:08Z,1.437,25.0821,5.4902,7.4674,43.578183,43.454,1.0787,11.2,7.468,167.1559,125.33,2.3039997037961424,0.034,0
2024-07-15T11:43:08Z,1.448,25.0631,5.4671,7.5514,43.563233,43.451,0.9987,11.429,7.468,167.4484,123.3,2.3047747138805224,0.037,0
2024-07-15T11:43:08Z,1.459,25.0793,5.1357,7.7935,43.616353,43.517,0.944,11.805,7.468,167.6442,121.5,2.307687626889253,0.038,0
2024-07-15T11:43:08Z,1.471,25.1294,4.5216,8.1401,43.649168,43.548,0.9172,12.186,7.468,167.7163,118.94,2.306940994998791,0.037,0
2024-07-15T11:43:08Z,1.483,25.1524,4.2013,8.3261,43.642625,43.539,0.9146,12.477,7.468,167.8037,116.9,2.3052914012226626,0.034,0
2024-07-15T11:43:08Z,1.491,25.122,4.2342,8.4027,43.664209,43.574,0.9378,12.697,7.467,167.9266,116.44,2.308772050572506,0.033,0
2024-07-15T11:43:08Z,1.494,25.0976,4.7285,8.5879,43.783164,43.735,0.9737,12.896,7.468,167.9983,115.93,2.3190562919953663,0.034,0
2024-07-15T11:43:08Z,1.498,25.111,5.6079,8.823,44.00178,44.039,1.0085,13.034,7.468,168.0681,114.45,2.335513542062687,0.036,0
2024-07-15T11:43:08Z,1.508,25.1215,6.0855,8.923,44.149214,44.313,1.0309,13.003,7.468,168.3402,112.56,2.350426028708541,0.039,0
2024-07-15T11:43:08Z,1.521,25.1076,6.2665,8.943,44.169141,44.463,1.0463,12.67,7.468,168.6208,110.17,2.359589131587965,0.044,0
2024-07-15T11:43:08Z,1.536,25.0669,7.8969,9.3381,44.179036,44.577,1.0658,11.922,7.469,168.7079,107.96,2.368096882105661,0.048,0
2024-07-15T11:43:08Z,1.551,24.9728,10.8911,10.0452,44.205237,44.688,1.0818,10.782,7.47,168.8767,106.43,2.3791931128061696,0.05,0
2024-07-15T11:43:08Z,1.563,24.8105,12.54,10.353,44.168437,44.706,1.0869,9.458,7.47,169.1129,104.58,2.388582809378065,0.048,0
2024-07-15T11:43:08Z,1.575,24.6437,12.8599,10.3613,44.114862,44.646,1.0664,8.229,7.47,169.2418,102.8,2.3938183993006774,0.043,0
2024-07-15T11:43:08Z,1.586,24.545,14.8928,10.8964,44.128745,44.618,1.0065,7.289,7.47,169.3162,101.9,2.3973582965599785,0.038,0
2024-07-15T11:43:08Z,1.596,24.4476,18.6258,11.9041,44.145947,44.613,0.9058,6.724,7.47,169.41,101.19,2.402158553503965,0.034,0
2024-07-15T11:43:08Z,1.603,24.3599,20.649,12.5028,44.132459,44.605,0.7869,6.536,7.47,169.516,100.54,2.4062948354868006,0.032,0
2024-07-15T11:43:08Z,1.609,24.3822,20.545,12.5665,44.156071,44.638,0.6788,6.673,7.471,169.5646,100.73,2.407016531488312,0.031,0
2024-07-15T11:43:08Z,1.615,24.4586,17.5011,12.5382,44.304484,44.811,0.5965,7.031,7.471,169.5679,100.6,2.4129144306534895,0.032,0
2024-07-15T11:43:08Z,1.622,24.4878,11.9356,12.5705,44.530414,45.124,0.55,7.48,7.472,169.5559,98.789,2.429290493181939,0.035,0
2024-07-15T11:43:08Z,1.631,24.4601,8.9177,12.6492,44.665979,45.399,0.5353,7.875,7.472,169.5918,96.744,2.4465084656775433,0.04,0
2024-07-15T11:43:08Z,1.642,24.4522,8.6535,12.7391,44.673836,45.512,0.5505,8.094,7.472,169.6574,94.877,2.4534053730189695,0.043,0
2024-07-15T11:43:08Z,1.656,24.4616,8.5587,12.7692,44.688739,45.547,0.5839,8.041,7.472,169.661,92.682,2.454908593171475,0.043,0
2024-07-15T11:43:08Z,1.671,24.3671,7.7708,12.9446,44.782669,45.62,0.627,7.671,7.472,169.7205,91.452,2.4641613607001984,0.04,0
2024-07-15T11:43:08Z,1.683,24.1694,6.3358,13.3564,44.857418,45.693,0.6663,7.118,7.471,169.9466,90.801,2.479035185913943,0.035,0
2024-07-15T11:43:08Z,1.69,24.0292,5.5485,13.6158,44.894281,45.755,0.6882,6.575,7.47,170.1584,89.725,2.490245292110179,0.029,0
2024-07-15T11:43:08Z,1.695,24.034,5.4675,13.6896,44.97442,45.865,0.6878,6.114,7.471,170.3019,89.551,2.4963496894664363,0.024,0
2024-07-15T11:43:08Z,1.698,24.0928,5.2569,13.8391,45.064596,45.982,0.6504,5.709,7.472,170.4775,89.773,2.4998999324685407,0.02,0
2024-07-15T11:43:08Z,1.699,24.0941,4.8494,14.0231,45.03238,45.985,0.5959,5.339,7.472,170.5615,89.079,2.500002189432874,0.02,0
2024-07-15T11:43:08Z,1.704,24.0515,4.6029,14.0695,44.902236,45.896,0.5503,5.056,7.472,170.6281,88.57,2.4971859593990335,0.024,0
2024-07-15T11:43:08Z,1.711,24.0182,4.5154,14.0231,44.887498,45.958,0.5125,4.892,7.47,170.8528,88.009,2.5025994716182085,0.03,0
2024-07-15T11:43:08Z,1.719,24.0067,4.0409,13.5305,44.981041,46.177,0.4806,4.787,7.467,171.2142,86.69,2.5159187171813175,0.035,0
2024-07-15T11:43:08Z,1.729,23.9562,3.1938,12.5886,45.01742,46.314,0.4472,4.695,7.465,171.5553,85.195,2.526655974537762,0.039,0
2024-07-15T11:43:08Z,1.743,23.9189,2.7298,12.0634,45.009814,46.349,0.421,4.574,7.464,171.8802,83.579,2.5307579747118587,0.04,0
2024-07-15T11:43:08Z,1.756,23.8662,2.6745,11.9619,45.015976,46.378,0.4121,4.378,7.464,172.389,82.552,2.5353754014454712,0.04,0
2024-07-15T11:43:08Z,1.765,23.6811,2.626,11.4984,44.964943,46.357,0.4047,4.121,7.463,173.0605,82.176,2.544498275932927,0.04,0
2024-07-15T11:43:08Z,1.772,23.5631,2.559,10.661,44.710135,46.166,0.399,3.857,7.461,173.6325,81.908,2.5399506264731455,0.042,0
2024-07-15T11:43:08Z,1.779,23.5478,2.5225,10.2063,44.41063,46.021,0.3913,3.618,7.458,173.7987,81.728,2.5323214279431236,0.047,0
2024-07-15T11:43:08Z,1.789,23.5305,2.5165,10.1338,44.390318,46.23,0.3738,3.4,7.457,173.8653,80.719,2.5455276385548755,0.052,0
2024-07-15T11:43:08Z,1.805,23.4999,2.4371,9.7847,44.527697,46.537,0.3501,3.177,7.456,174.2662,78.417,2.5652462649936942,0.056,0
2024-07-15T11:43:08Z,1.828,23.4564,2.2862,9.2298,44.611473,46.667,0.3268,2.928,7.455,174.7747,76.009,2.5753449647674844,0.058,0
2024-07-15T11:43:08Z,1.848,23.2895,2.2155,8.9931,44.641478,46.679,0.308,2.66,7.456,175.1945,74.614,2.5855867704197815,0.056,0
2024-07-15T11:43:08Z,1.861,22.9667,2.2232,9.0064,44.636605,46.65,0.2917,2.4,7.456,175.47,73.994,2.6024824333689116,0.05,0
2024-07-15T11:43:08Z,1.869,22.7791,2.2213,8.9809,44.61607,46.625,0.2748,2.185,7.455,175.6104,73.277,2.611908742898647,0.041,0
2024-07-15T11:43:08Z,1.878,22.7758,2.2182,8.855,44.583634000000004,46.611,0.2528,2.024,7.455,175.7737,72.096,2.6112666191466074,0.032,0
2024-07-15T11:43:08Z,1.885,22.8124,2.2434,8.7489,44.561777,46.613,0.229,1.933,7.455,175.9813,71.619,2.6092513045142884,0.025,0
2024-07-15T11:43:08Z,1.89,22.8458,2.2758,8.7905,44.542195,46.601,0.2046,1.91,7.456,176.228,71.712,2.6065919584748403,0.023,0
2024-07-15T11:43:08Z,1.893,22.8514,2.285,8.8119,44.473812,46.527,0.1866,1.922,7.456,176.5201,71.111,2.6018631846437645,0.023,0
2024-07-15T11:43:08Z,1.898,22.822,2.2717,8.6649,44.369731,46.429,0.1721,1.965,7.456,176.9318,70.374,2.5977374228110026,0.023,0
2024-07-15T11:43:08Z,1.903,22.7854,2.248,8.4823,44.235897,46.326,0.1637,2.023,7.456,177.4201,69.862,2.5937261947337866,0.026,0
2024-07-15T11:43:08Z,1.911,22.7795,2.2488,8.4495,43.998165,46.144,0.1645,2.078,7.456,177.7772,69.176,2.5832276286329874,0.032,0
2024-07-15T11:43:08Z,1.919,22.7923,2.2645,8.5075,43.780355,46.031,0.1639,2.114,7.456,177.9808,68.352,2.575761868552439,0.038,0
2024-07-15T11:43:08Z,1.926,22.7917,2.2383,8.534,43.760371,46.156,0.1689,2.113,7.455,178.1611,67.502,2.583237706930914,0.043,0
2024-07-15T11:43:08Z,1.94,22.7423,2.1818,8.4969,43.819806,46.318,0.1744,2.082,7.455,178.4082,66.17,2.5957478780895906,0.044,0
2024-07-15T11:43:08Z,1.959,22.6903,2.1388,8.4004,43.864098,46.398,0.1795,2.027,7.456,178.6461,64.864,2.6035432925065467,0.042,0
2024-07-15T11:43:08Z,1.974,22.5746,2.1265,8.3914,43.915023,46.445,0.1846,1.945,7.456,178.8861,64.242,2.6131106406881646,0.037,0
2024-07-15T11:43:08Z,1.98,22.371,2.1409,8.5594,43.927745,46.433,0.184,1.852,7.455,179.2455,63.71,2.6243599506635813,0.03,0
2024-07-15T11:43:08Z,1.984,22.2705,2.1544,8.7235,43.891005,46.373,0.1818,1.78,7.454,179.6351,63.342,2.626685253837054,0.02,0
2024-07-15T11:43:08Z,1.987,22.2549,2.1484,8.7367,43.851686,46.327,0.177,1.729,7.454,179.8972,63.137,2.6248350470291886,0.01,0
2024-07-15T11:43:08Z,1.99,22.2602,2.1351,8.684,43.833194,46.314,0.1701,1.699,7.454,180.0052,62.944,2.623738085485302,0.003,0
2024-07-15T11:43:08Z,1.99,22.2999,2.1513,8.6673,43.794363,46.286,0.1595,1.699,7.454,180.0804,63.215,2.6197077952362626,0.002,0
2024-07-15T11:43:08Z,1.986,22.3259,2.1952,8.6717,43.63606,46.145,0.1544,1.703,7.453,180.2905,63.698,2.609691108262464,0.007,0
2024-07-15T11:43:08Z,1.983,22.3253,2.2246,8.7026,43.379039,45.949,0.1499,1.704,7.453,180.4814,63.693,2.5979357532469067,0.018,0
2024-07-15T11:43:08Z,1.983,22.3186,2.2155,8.7335,43.225596,45.928,0.1456,1.712,7.453,180.4954,63.121,2.5970641542901856,0.03,0
2024-07-15T11:43:08Z,1.992,22.3041,2.1851,8.6692,43.240486,46.092,0.1485,1.714,7.453,180.5459,61.961,2.6077813464929394,0.041,0
2024-07-15T11:43:08Z,2.012,22.2928,2.1741,8.5747,43.30499,46.248,0.1481,1.693,7.453,180.747,60.075,2.617837482401753,0.047,0
2024-07-15T11:43:08Z,2.036,22.2331,2.1737,8.5473,43.37066,46.343,0.1479,1.652,7.453,181.0343,58.292,2.627087976768619,0.048,0
2024-07-15T11:43:08Z,2.054,22.0546,2.1635,8.5766,43.399736,46.36,0.1497,1.601,7.453,181.2671,57.413,2.6387187014360314,0.045,0
2024-07-15T11:43:08Z,2.061,21.8716,2.1503,8.5876,43.275731,46.211,0.1511,1.551,7.454,181.3239,57.29,2.640606780098995,0.039,0
2024-07-15T11:43:08Z,2.062,21.7898,2.139,8.6456,43.077327,46.027,0.1494,1.513,7.454,181.2904,57.45,2.6343023288925327,0.034,0
2024-07-15T11:43:08Z,2.064,21.7744,2.1347,8.8343,43.031947,46.043,0.1451,1.485,7.453,181.2924,57.008,2.636197550414225,0.029,0
2024-07-15T11:43:08Z,2.07,21.7973,2.14,8.9564,43.107797,46.168,0.1409,1.463,7.453,181.3479,55.798,2.6424394703940353,0.028,0
2024-07-15T11:43:08Z,2.083,21.8409,2.1447,8.9949,43.105751,46.165,0.1353,1.447,7.453,181.4457,54.784,2.6396454070909283,0.032,0
2024-07-15T11:43:08Z,2.094,21.8116,2.092,9.3335,43.007206,46.053,0.1325,1.436,7.453,181.5288,54.099,2.6345816248072884,0.037,0
2024-07-15T11:43:08Z,2.102,21.7106,1.9937,9.9769,42.931869,45.993,0.1305,1.448,7.453,181.5783,53.215,2.6369672580878007,0.04,0
2024-07-15T11:43:08Z,2.11,21.658,1.9545,10.3857,42.893027,46.002,0.1282,1.469,7.453,181.6135,52.197,2.640670199548731,0.042,0
2024-07-15T11:43:08Z,2.121,21.6803,1.9758,10.4501,42.791396,45.952,0.1278,1.465,7.453,181.6969,51.081,2.6362798314148943,0.044,0
2024-07-15T11:43:08Z,2.134,21.7029,2.0186,10.2435,42.591582,45.809,0.125,1.445,7.453,181.8981,49.782,2.626203436659489,0.048,0
2024-07-15T11:43:08Z,2.146,21.678,2.0649,9.8345,42.444608,45.749,0.1267,1.437,7.454,181.9819,48.562,2.624027795338637,0.053,0
2024-07-15T11:43:08Z,2.159,21.6177,2.0774,9.6046,42.410578,45.812,0.1308,1.447,7.454,181.9349,46.955,2.631476787548606,0.056,0
2024-07-15T11:43:08Z,2.175,21.5551,2.0786,9.6839,42.370408,45.833,0.1298,1.449,7.454,182.0188,44.703,2.6365126803657994,0.057,0
2024-07-15T11:43:08Z,2.193,21.5004,2.0702,10.5549,42.339663,45.851,0.1269,1.443,7.454,182.1355,42.702,2.6409018857854916,0.057,0
2024-07-15T11:43:08Z,2.209,21.3882,2.0261,12.0733,42.356138,45.923,0.1262,1.447,7.454,182.2279,41.033,2.652091362605258,0.055,0
2024-07-15T11:43:08Z,2.223,21.2591,1.9785,12.876,42.379121,45.985,0.129,1.461,7.454,182.3611,39.596,2.6637466166543526,0.052,0
2024-07-15T11:43:08Z,2.235,21.2147,1.9443,13.0188,42.427096,46.068,0.1291,1.49,7.454,182.5416,38.786,2.671574833819569,0.048,0
2024-07-15T11:43:08Z,2.245,21.1749,1.8707,13.9706,42.491862,46.178,0.1276,1.531,7.454,182.7751,38.361,2.6808045378073073,0.043,0
2024-07-15T11:43:08Z,2.255,21.0979,1.7547,15.7076,42.527448,46.253,0.1287,1.56,7.454,182.9477,37.8,2.6901804072102924,0.039,0
2024-07-15T11:43:08Z,2.266,21.0709,1.6894,16.6677,42.539961,46.282,0.1294,1.567,7.453,182.9938,37.155,2.693642486031958,0.036,0
2024-07-15T11:43:08Z,2.276,21.0512,1.672,16.7316,42.579663,46.324,0.132,1.579,7.453,182.9883,36.726,2.697462361414786,0.034,0
2024-07-15T11:43:08Z,2.282,21.0008,1.6522,16.72,42.626656,46.379,0.1368,1.607,7.453,182.9671,36.361,2.7039972200397604,0.031,0
2024-07-15T11:43:08Z,2.288,20.9594,1.6251,17.074,42.600371,46.371,0.1404,1.627,7.454,182.9091,35.84,2.7060731290771667,0.029,0
2024-07-15T11:43:08Z,2.296,20.9426,1.5857,17.7661,42.579195,46.37,0.1395,1.627,7.454,182.8902,35.284,2.707055744700405,0.027,0
2024-07-15T11:43:08Z,2.304,20.9564,1.5673,18.1534,42.624466,46.434,0.1397,1.608,7.453,182.9963,34.853,2.7101721358453705,0.025,0
2024-07-15T11:43:08Z,2.309,20.9584,1.5688,18.1364,42.639956,46.461,0.1444,1.596,7.453,183.0741,34.565,2.711724485710565,0.025,0
2024-07-15T11:43:08Z,2.315,20.9284,1.5878,18.0384,42.639516,46.471,0.1453,1.609,7.454,183.0559,34.367,2.7142164627273146,0.024,0
2024-07-15T11:43:08Z,2.321,20.9023,1.6465,17.9938,42.682614,46.531,0.1465,1.629,7.454,183.1212,34.073,2.7195777162855106,0.023,0
2024-07-15T11:43:08Z,2.328,20.8922,1.688,17.9727,42.716736,46.586,0.1433,1.638,7.454,183.2609,33.685,2.723631498154507,0.023,0
2024-07-15T11:43:08Z,2.334,20.8826,1.6904,17.9197,42.734701,46.626,0.1412,1.63,7.453,183.368,33.382,2.726722481416465,0.022,0
2024-07-15T11:43:08Z,2.34,20.8735,1.6999,17.8656,42.772851,46.685,0.144,1.618,7.453,183.3842,33.129,2.7309664061036654,0.02,0
2024-07-15T11:43:08Z,2.345,20.8628,1.7119,17.8647,42.797165,46.732,0.1457,1.611,7.453,183.3702,32.919,2.7345658972597033,0.017,0
2024-07-15T11:43:08Z,2.349,20.8439,1.7187,17.9096,42.774757,46.734,0.1475,1.607,7.453,183.4572,32.813,2.7358803195839294,0.013,0
2024-07-15T11:43:08Z,2.352,20.8193,1.732,17.9301,42.755769,46.733,0.1456,1.6,7.453,183.6608,32.761,2.737368032793794,0.01,0
2024-07-15T11:43:08Z,2.353,20.806,1.7399,17.8741,42.757983,46.745,0.1446,1.579,7.453,183.8535,32.785,2.7389551334181714,0.009,0
2024-07-15T11:43:08Z,2.353,20.7905,1.7309,17.7785,42.738041,46.742,0.144,1.554,7.453,183.8944,32.85,2.7397462401016677,0.011,0
2024-07-15T11:43:08Z,2.353,20.7529,1.7151,17.7992,42.705048,46.746,0.1439,1.546,7.453,183.8974,32.804,2.742371350412298,0.014,0
2024-07-15T11:43:08Z,2.356,20.7336,1.7231,17.9529,42.676373,46.762,0.1442,1.554,7.453,183.9756,32.568,2.7445915418762126,0.019,0
2024-07-15T11:43:08Z,2.362,20.7349,1.7861,18.5102,42.645157,46.766,0.1418,1.553,7.453,184.0666,32.097,2.7447589457391413,0.024,0
2024-07-15T11:43:08Z,2.372,20.7199,1.8686,19.4136,42.581465,46.721,0.1386,1.54,7.453,184.1361,31.576,2.742896368152986,0.029,0
2024-07-15T11:43:08Z,2.382,20.6781,1.8971,19.8574,42.477485,46.632,0.1379,1.527,7.452,184.3004,31.203,2.7399766478729006,0.033,0
2024-07-15T11:43:08Z,2.391,20.6203,1.8892,19.8793,42.403442,46.586,0.14,1.516,7.451,184.5038,30.844,2.7407555430076935,0.035,0
2024-07-15T11:43:08Z,2.4,20.5833,1.8977,19.9515,42.384358,46.603,0.1404,1.511,7.45,184.5303,30.429,2.7441650999496017,0.034,0
2024-07-15T11:43:08Z,2.409,20.5654,2.0002,20.5932,42.373643,46.619,0.138,1.499,7.45,184.4492,30.061,2.7463038166720612,0.033,0
2024-07-15T11:43:08Z,2.418,20.545,2.18,21.7632,42.337321,46.601,0.1377,1.471,7.45,184.47,29.708,2.74647037253842,0.032,0
2024-07-15T11:43:08Z,2.425,20.508,2.2651,22.4161,42.262516,46.543,0.1358,1.457,7.45,184.61,29.393,2.745181045026534,0.032,0
2024-07-15T11:43:08Z,2.432,20.4643,2.2633,22.6459,42.167322,46.467,0.1362,1.457,7.449,184.5922,29.13,2.7431839963308167,0.031,0
2024-07-15T11:43:08Z,2.44,20.4383,2.3661,24.0633,42.074891,46.394,0.1365,1.462,7.448,184.4272,28.811,2.740247082500566,0.031,0
2024-07-15T11:43:08Z,2.448,20.4238,2.5678,26.5382,42.03348,46.384,0.1312,1.477,7.448,184.422,28.451,2.740538781748307,0.031,0
2024-07-15T11:43:08Z,2.456,20.398,2.6714,27.8392,42.110872,46.519,0.131,1.49,7.448,184.5288,28.105,2.7506729322985395,0.032,0
2024-07-15T11:43:08Z,2.463,20.366,2.6624,27.8721,42.312403,46.806,0.1319,1.485,7.447,184.5999,27.79,2.7707945791005946,0.035,0
2024-07-15T11:43:08Z,2.471,20.3434,2.6079,27.3109,42.565987,47.149,0.1314,1.481,7.447,184.6798,27.469,2.7938781996917,0.038,0
2024-07-15T11:43:08Z,2.481,20.3116,2.5362,26.2807,42.764956,47.424,0.1333,1.475,7.447,184.8059,27.065,2.8133050466668985,0.04,0
2024-07-15T11:43:08Z,2.493,20.2644,2.5031,25.6982,42.940855,47.667,0.1361,1.461,7.447,184.9204,26.626,2.8317577243469025,0.042,0
2024-07-15T11:43:08Z,2.505,20.1932,2.4992,25.4595,43.169375,47.962,0.1338,1.458,7.448,185.0322,26.231,2.8551438160905938,0.043,0
2024-07-15T11:43:08Z,2.517,20.1301,2.4887,23.599,43.369849,48.222,0.1342,1.453,7.448,185.2115,25.847,2.8758486049154697,0.043,0
2024-07-15T11:43:08Z,2.529,20.084,2.4683,20.2829,43.524006,48.429,0.1352,1.436,7.448,185.3673,25.502,2.8921012989396315,0.042,0
2024-07-15T11:43:08Z,2.54,20.0347,2.4698,18.5341,43.700273,48.659,0.1311,1.421,7.448,185.4529,25.216,2.910074657022272,0.04,0
2024-07-15T11:43:08Z,2.55,19.9989,2.4977,18.3042,43.977639,49,0.1333,1.42,7.448,185.558,24.943,2.9342512535455736,0.038,0
2024-07-15T11:43:08Z,2.559,19.9643,2.5222,17.4693,44.338557,49.432,0.1326,1.429,7.447,185.692,24.713,2.964210111241114,0.036,0
2024-07-15T11:43:08Z,2.567,19.9313,2.5341,16.0568,44.572867,49.728,0.1304,1.423,7.446,185.8678,24.477,2.9854244038811606,0.034,0
2024-07-15T11:43:08Z,2.575,19.8981,2.5328,15.3681,44.715887,49.924,0.1292,1.397,7.446,186.1356,24.212,3.0002900941082076,0.033,0
2024-07-15T11:43:08Z,2.584,19.8696,2.5314,15.3941,45.052099,50.331,0.1286,1.371,7.446,186.5209,24.017,3.0283777707742523,0.032,0
2024-07-15T11:43:08Z,2.592,19.8463,2.5172,15.1411,45.527466,50.893,0.1315,1.37,7.445,186.8259,23.845,3.0660994556492907,0.031,0
2024-07-15T11:43:08Z,2.6,19.8129,2.4779,14.5635,45.956415,51.409,0.1303,1.38,7.444,186.8979,23.603,3.1016697535751447,0.03,0
2024-07-15T11:43:08Z,2.608,19.776,2.4475,14.183,46.366085,51.903,0.128,1.373,7.443,186.9622,23.371,3.1361622265756925,0.029,0
2024-07-15T11:43:08Z,2.615,19.7508,2.4324,14.0932,46.798713,52.422,0.124,1.35,7.442,187.0866,23.202,3.1714817761183864,0.027,0
2024-07-15T11:43:08Z,2.622,19.7278,2.4281,14.1265,47.251231,52.966,0.1243,1.326,7.441,187.1978,23.03,3.208319363034996,0.026,0
2024-07-15T11:43:08Z,2.628,19.6911,2.4122,14.0053,47.774327,53.59,0.1279,1.327,7.44,187.3604,22.853,3.2514462203553522,0.025,0
2024-07-15T11:43:08Z,2.634,19.6602,2.3648,13.6518,48.361841,54.288,0.1255,1.341,7.44,187.5035,22.704,3.2990340350973293,0.024,0
2024-07-15T11:43:08Z,2.64,19.635,2.3297,13.4057,48.894743,54.933,0.1245,1.34,7.439,187.4651,22.544,3.34284857534231,0.023,0
2024-07-15T11:43:08Z,2.645,19.5999,2.3125,13.3184,49.392284,55.542,0.1199,1.329,7.438,187.4122,22.344,3.3852015698060822,0.022,0
2024-07-15T11:43:08Z,2.651,19.5697,2.2822,13.1421,49.996552,56.272,0.121,1.318,7.436,187.4669,22.151,3.4351487094704085,0.022,0
2024-07-15T11:43:08Z,2.657,19.5412,2.2542,12.8803,50.740343,57.166,0.1244,1.316,7.435,187.4378,22,3.495784429529452,0.023,0
2024-07-15T11:43:08Z,2.662,19.4995,2.2491,12.7829,51.273758,57.84,0.1227,1.326,7.433,187.4904,21.889,3.5432880530075925,0.025,0
2024-07-15T11:43:08Z,2.666,19.4591,2.2442,12.7509,51.366162,58.027,0.1225,1.34,7.431,187.673,21.774,3.5589080850718244,0.029,0
2024-07-15T11:43:08Z,2.672,19.4207,2.221,12.4247,51.286016,58.002,0.1207,1.343,7.429,187.7528,21.514,3.5604915613522814,0.033,0
2024-07-15T11:43:08Z,2.683,19.3802,2.193,11.9132,51.257128,58.006,0.1207,1.343,7.428,187.8524,21.104,3.5641560445163836,0.036,0
2024-07-15T11:43:08Z,2.697,19.3245,2.1886,11.6559,51.334335,58.111,0.1217,1.336,7.426,188.0173,20.749,3.57574377166639,0.037,0
2024-07-15T11:43:08Z,2.709,19.2494,2.2099,11.637,51.457514,58.268,0.1246,1.325,7.423,188.1985,20.525,3.592430725314543,0.037,0
2024-07-15T11:43:08Z,2.718,19.1961,2.2258,11.445,51.539963,58.396,0.1236,1.327,7.422,188.4949,20.375,3.605401917969952,0.035,0
2024-07-15T11:43:08Z,2.725,19.1742,2.23,11.0425,51.569179,58.484,0.1246,1.33,7.42,188.8472,20.245,3.6130772013197188,0.032,0
2024-07-15T11:43:08Z,2.731,19.1638,2.2282,10.8015,51.556709,58.525,0.1242,1.332,7.417,189.1031,20.078,3.6166727476212817,0.029,0
2024-07-15T11:43:08Z,2.737,19.1562,2.2368,10.7851,51.516114,58.525,0.1214,1.347,7.415,189.2648,19.868,3.6173233044741653,0.028,0
2024-07-15T11:43:08Z,2.744,19.1319,2.2759,10.64,51.459303,58.5,0.1233,1.365,7.413,189.3407,19.662,3.6177538072986977,0.029,0
2024-07-15T11:43:08Z,2.751,19.0833,2.3188,10.3113,51.377762,58.445,0.123,1.355,7.411,189.3322,19.454,3.6182849016076073,0.03,0
2024-07-15T11:43:08Z,2.759,19.0376,2.3304,10.1236,51.29215,58.381,0.1231,1.337,7.409,189.5061,19.209,3.6179711277948683,0.03,0
2024-07-15T11:43:08Z,2.769,19.0058,2.3169,10.0787,51.249632,58.354,0.124,1.342,7.408,189.8083,18.959,3.6189129805083184,0.029,0
2024-07-15T11:43:08Z,2.777,18.9779,2.3046,10.0407,51.244653,58.369,0.1284,1.337,7.406,189.8884,18.738,3.622304428989434,0.028,0
2024-07-15T11:43:08Z,2.784,18.9494,2.2818,9.9384,51.295421,58.461,0.1264,1.308,7.404,189.7874,18.542,3.6308594790110846,0.026,0
2024-07-15T11:43:08Z,2.789,18.9194,2.241,9.7641,51.418931,58.649,0.122,1.289,7.402,189.6184,18.392,3.6459305556453043,0.024,0
2024-07-15T11:43:08Z,2.794,18.9062,2.2105,9.6756,51.594958,58.905,0.1257,1.303,7.4,189.6526,18.236,3.6640824471520697,0.023,0
2024-07-15T11:43:08Z,2.8,18.8992,2.1881,9.6536,51.836199,59.241,0.1253,1.33,7.397,189.9424,18.006,3.6870280857262414,0.023,0
2024-07-15T11:43:08Z,2.806,18.8708,2.1701,9.4981,52.113167,59.618,0.1211,1.34,7.394,190.0254,17.775,3.714609844443519,0.024,0
2024-07-15T11:43:08Z,2.812,18.8327,2.1596,9.1963,52.340138,59.928,0.1185,1.335,7.393,189.8806,17.573,3.738639254317278,0.025,0
2024-07-15T11:43:08Z,2.818,18.7936,2.1526,9.0099,52.548379,60.208,0.1206,1.325,7.392,189.9133,17.347,3.7608074542445515,0.026,0
2024-07-15T11:43:08Z,2.825,18.7454,2.1431,8.9525,52.789359,60.524,0.1252,1.319,7.39,190.1619,17.107,3.7862506214966896,0.026,0
2024-07-15T11:43:08Z,2.832,18.6982,2.1279,8.8107,53.03114,60.844,0.1255,1.317,7.388,190.3051,16.883,3.811937152888921,0.026,0
2024-07-15T11:43:08Z,2.839,18.6633,2.1189,8.593,53.249051,61.138,0.1247,1.308,7.387,190.1821,16.663,3.8348198602836905,0.027,0
2024-07-15T11:43:08Z,2.846,18.6342,2.1255,8.4721,53.3919,61.347,0.1238,1.29,7.386,189.966,16.454,3.8515088335530363,0.028,0
2024-07-15T11:43:08Z,2.853,18.6073,2.1504,8.4771,53.424647,61.435,0.1229,1.277,7.385,189.9289,16.254,3.8598939053377364,0.029,0
2024-07-15T11:43:08Z,2.86,18.5752,2.2031,8.2428,53.390902,61.449,0.1237,1.29,7.384,189.9066,16.024,3.863796528611463,0.029,0
2024-07-15T11:43:08Z,2.868,18.5434,2.2712,7.7903,53.364873,61.466,0.1226,1.319,7.383,189.6965,15.769,3.867878411349469,0.03,0
2024-07-15T11:43:08Z,2.877,18.5149,2.3084,7.5836,53.363908,61.506,0.1211,1.338,7.382,189.3667,15.529,3.8732083397100063,0.031,0
2024-07-15T11:43:08Z,2.884,18.4766,2.32,7.5543,53.379183,61.569,0.1183,1.34,7.381,188.8448,15.31,3.881005037311218,0.031,0
2024-07-15T11:43:08Z,2.892,18.4357,2.3694,7.4358,53.422507,61.669,0.1204,1.341,7.379,188.2896,15.084,3.8915535933475285,0.03,0
2024-07-15T11:43:08Z,2.9,18.4047,2.4482,7.2452,53.506637,61.811,0.1244,1.346,7.377,187.9881,14.863,3.9040326027651173,0.029,0
2024-07-15T11:43:08Z,2.907,18.3781,2.4825,7.1624,53.634275,61.995,0.1264,1.333,7.376,187.8676,14.651,3.918956775995709,0.027,0
2024-07-15T11:43:08Z,2.914,18.3467,2.4848,7.1858,53.759101,62.173,0.1262,1.32,7.376,187.6935,14.437,3.9339497480303423,0.027,0
2024-07-15T11:43:08Z,2.921,18.3086,2.5006,7.1866,53.872745,62.338,0.1248,1.313,7.375,187.5175,14.262,3.948722225753208,0.027,0
2024-07-15T11:43:08Z,2.926,18.2745,2.5156,7.1721,54.309716,62.88,0.1285,1.296,7.373,187.9756,14.107,3.9887101501988287,0.031,0
2024-07-15T11:43:08Z,2.932,18.2522,2.5158,7.1468,54.850816,63.568,0.1251,1.294,7.372,189.0172,13.888,4.037564895494796,0.035,0
2024-07-15T11:43:08Z,2.939,18.2305,2.5038,7.0861,55.016767,63.843,0.1236,1.305,7.371,189.6138,13.601,4.058365993763054,0.038,0
2024-07-15T11:43:08Z,2.951,18.2024,2.4863,7.0183,55.172986,64.089,0.1252,1.295,7.369,189.5965,13.146,4.077849367209855,0.039,0
2024-07-15T11:43:08Z,2.968,18.1891,2.4784,7.0102,55.405866,64.399,0.1211,1.279,7.366,189.325,12.598,4.100263688461489,0.037,0
2024-07-15T11:43:08Z,2.983,18.1503,2.4758,7.0571,55.736593,64.817,0.1211,1.285,7.364,188.998,12.288,4.132598575477059,0.035,0
2024-07-15T11:43:08Z,2.989,18.0733,2.4714,7.1071,56.186618,65.384,0.125,1.295,7.362,188.7405,12.2,4.179034158161635,0.034,0
2024-07-15T11:43:08Z,2.99,18.0335,2.4576,7.1026,56.401086,65.7,0.1229,1.301,7.361,188.3625,12.162,4.204683410757001,0.033,0
2024-07-15T11:43:08Z,2.992,18.0139,2.4331,6.9677,56.424205,65.806,0.1193,1.308,7.361,188.1273,11.896,4.213935419741803,0.032,0
2024-07-15T11:43:08Z,3.002,17.9913,2.4166,6.8088,56.466052,65.914,0.1219,1.312,7.36,188.2198,11.343,4.223639161618029,0.034,0
2024-07-15T11:43:08Z,3.017,17.9706,2.426,6.7532,56.525892,66.027,0.123,1.322,7.358,188.1039,10.894,4.233502531140024,0.041,0
2024-07-15T11:43:08Z,3.028,17.9236,2.4552,6.7387,56.512537,66.079,0.1227,1.329,7.355,187.8442,10.617,4.241882897110391,0.049,0
2024-07-15T11:43:08Z,3.036,17.8597,2.3784,6.5654,56.431528,66.078,0.125,1.32,7.353,187.6609,10.188,4.248371407997035,0.052,0
2024-07-15T11:43:08Z,3.051,17.8215,2.1887,6.2294,56.372016,66.08,0.1239,1.317,7.353,187.3504,9.4897,4.252436507157489,0.051,0
2024-07-15T11:43:08Z,3.072,17.8101,2.0833,6.0565,56.364541,66.108,0.1253,1.309,7.352,186.9297,8.9132,4.25553753703903,0.048,0
2024-07-15T11:43:08Z,3.088,17.7679,2.0693,6.0805,56.341119,66.115,0.128,1.289,7.35,186.5319,8.6962,4.260369919872504,0.047,0
2024-07-15T11:43:08Z,3.095,17.6872,2.0033,6.0767,56.215811,66.023,0.1245,1.279,7.349,186.1546,8.5994,4.26235383080612,0.046,0
2024-07-15T11:43:08Z,3.1,17.6385,1.8759,5.9759,55.992661,65.836,0.1262,1.281,7.349,185.7228,8.4154,4.254458364794506,0.044,0
2024-07-15T11:43:08Z,3.11,17.6284,1.7936,5.852,55.738921,65.628,0.1256,1.285,7.348,185.5274,8.0929,4.2411141347341665,0.044,0
2024-07-15T11:43:08Z,3.123,17.6102,1.7739,5.7747,55.561284,65.536,0.1222,1.295,7.347,185.7699,7.7704,4.2366226580775725,0.047,0
2024-07-15T11:43:08Z,3.136,17.5735,1.7132,5.7929,55.496089,65.605,0.1215,1.317,7.346,185.9886,7.4892,4.245178158398946,0.051,0
2024-07-15T11:43:08Z,3.149,17.5216,1.5926,5.9019,55.458599,65.686,0.1227,1.33,7.345,185.8489,7.112,4.256152570590618,0.053,0
2024-07-15T11:43:08Z,3.167,17.467,1.5141,5.9651,55.425419,65.711,0.123,1.336,7.343,185.5439,6.7434,4.263544140251141,0.05,0
2024-07-15T11:43:08Z,3.184,17.3973,1.4969,5.9074,55.412409,65.724,0.1228,1.349,7.342,185.226,6.5281,4.271689714353597,0.046,0
2024-07-15T11:43:08Z,3.194,17.2866,1.4846,5.8191,55.364778,65.703,0.1276,1.357,7.342,184.9304,6.4262,4.281771357763362,0.042,0
2024-07-15T11:43:08Z,3.2,17.1899,1.4149,5.7512,55.294069,65.684,0.1281,1.337,7.341,184.8086,6.3733,4.290568122099978,0.037,0
2024-07-15T11:43:08Z,3.205,17.1619,1.2946,5.7018,55.256035,65.726,0.1283,1.306,7.339,184.7,6.2933,4.296444608774717,0.033,0
2024-07-15T11:43:08Z,3.213,17.1544,1.2296,5.7004,55.158865,65.689,0.1295,1.296,7.338,184.3062,6.1664,4.294643332218966,0.031,0
2024-07-15T11:43:08Z,3.222,17.1366,1.2194,5.6995,54.94476,65.502,0.1326,1.297,7.337,183.8317,6.07,4.283424321028873,0.033,0
2024-07-15T11:43:08Z,3.23,17.0945,1.163,5.6575,54.572565,65.125,0.1295,1.295,7.337,183.5234,5.9912,4.261434246563219,0.036,0
2024-07-15T11:43:08Z,3.239,17.0254,1.0636,5.6025,53.643592,64.087,0.1245,1.286,7.337,183.2461,5.8618,4.195894131694381,0.04,0
2024-07-15T11:43:08Z,3.249,16.9776,1.0162,5.5808,52.095444,62.34,0.1252,1.276,7.337,182.8879,5.7068,4.078438813621971,0.044,0
2024-07-15T11:43:08Z,3.262,16.9383,1.0223,5.6337,50.840832,61.01,0.1254,1.273,7.337,182.5478,5.5698,3.989310009369236,0.047,0
2024-07-15T11:43:08Z,3.274,16.8921,1.0042,5.6275,50.41226,60.69,0.1259,1.288,7.336,182.3183,5.4225,3.9714442303321325,0.048,0
2024-07-15T11:43:08Z,3.288,16.8534,0.9468,5.4715,50.215362,60.581,0.1243,1.3,7.335,182.1779,5.2455,3.967587746778696,0.048,0
2024-07-15T11:43:08Z,3.303,16.7993,0.9118,5.3527,49.666439,59.974,0.1242,1.304,7.335,181.9681,5.0885,3.9303286901408,0.047,0
2024-07-15T11:43:08Z,3.315,16.6729,0.9056,5.3523,48.664319,58.816,0.1224,1.31,7.335,181.6743,4.9852,3.8612698597832478,0.046,0
2024-07-15T11:43:08Z,3.324,16.5032,0.8885,5.3992000000000004,47.749554,57.823,0.1263,1.324,7.336,181.3788,4.9042,3.807559384277515,0.046,0
2024-07-15T11:43:08Z,3.332,16.4197,0.8632,5.4069,47.621612,57.844,0.1278,1.343,7.336,181.0621,4.799,3.8169046729717087,0.046,0
2024-07-15T11:43:08Z,3.343,16.4032,0.8487,5.3435,47.879124,58.32,0.1271,1.348,7.336,180.771,4.652,3.852044037096032,0.046,0
2024-07-15T11:43:08Z,3.358,16.3816,0.8472,5.3156,47.879003,58.414,0.1286,1.345,7.337,180.6122,4.4802,3.86074041202213,0.046,0
2024-07-15T11:43:08Z,3.373,16.3103,0.8529,5.343,47.747043,58.296,0.1285,1.343,7.338,180.5185,4.3376,3.8592141163545097,0.044,0
2024-07-15T11:43:08Z,3.386,16.1543,0.868,5.3665,47.680316,58.245,0.1339,1.336,7.338,180.3265,4.2471,3.8705550072319523,0.041,0
2024-07-15T11:43:08Z,3.396,16.0211,0.8719,5.3616,47.64358,58.241,0.1327,1.33,7.338,180.0976,4.1944,3.8831094367403884,0.038,0
2024-07-15T11:43:08Z,3.402,15.9666,0.8666,5.3174,47.683761,58.364,0.1328,1.332,7.338,179.8157,4.1726,3.8971582441673944,0.037,0
2024-07-15T11:43:08Z,3.407,15.9466,0.8621,5.2765,47.848636,58.709,0.1331,1.341,7.339,179.5,4.1556,3.923735470567799,0.039,0
2024-07-15T11:43:08Z,3.413,15.9297,0.8506,5.3109,47.986218,59.074,0.132,1.346,7.34,179.3771,4.0868,3.9514754987669307,0.042,0
2024-07-15T11:43:08Z,3.425,15.9034,0.853,5.4257,48.013793,59.265,0.1314,1.346,7.342,179.3622,3.9579,3.9677325373917287,0.047,0
2024-07-15T11:43:08Z,3.443,15.8669,0.8573,5.4697,48.054908,59.379,0.1313,1.338,7.343,179.2337,3.842,3.979511674925281,0.051,0
2024-07-15T11:43:08Z,3.46,15.7675,0.8433,5.3985,48.165824,59.533,0.1337,1.341,7.346,179.0285,3.7754,4.000462756118792,0.054,0
2024-07-15T11:43:08Z,3.474,15.6001,0.8338,5.3849,48.275527,59.71,0.1335,1.352,7.348,178.7738,3.7237,4.030028313902896,0.054,0
2024-07-15T11:43:08Z,3.486,15.4715,0.8431,5.5102,48.365439,59.902,0.1354,1.348,7.348,178.3916,3.6627,4.056951811081412,0.05,0
2024-07-15T11:43:08Z,3.499,15.4497,0.8554,5.6492000000000004,48.427486,60.075,0.1328,1.335,7.348,178.1063,3.5987,4.0717077227120795,0.043,0
2024-07-15T11:43:08Z,3.51,15.4603,0.8576,5.6993,48.454224,60.196,0.1333,1.329,7.349,177.9922,3.5471,4.07938892090366,0.037,0
2024-07-15T11:43:08Z,3.52,15.4316,0.8373,5.6723,48.498178,60.318,0.1361,1.324,7.35,177.7867,3.5251,4.09117785279246,0.035,0
2024-07-15T11:43:08Z,3.526,15.3706,0.801,5.5951,48.514431,60.404,0.135,1.324,7.351,177.5143,3.5207,4.103704747231002,0.035,0
2024-07-15T11:43:08Z,3.529,15.2993,0.7935,5.5863,48.460199,60.425,0.1332,1.337,7.352,177.1928,3.4992,4.112605492760693,0.036,0
2024-07-15T11:43:08Z,3.536,15.2378,0.8048,5.6686,48.413802,60.465,0.1334,1.348,7.353,176.7391,3.44,4.121899742327418,0.039,0
2024-07-15T11:43:08Z,3.55,15.1957,0.7958,5.8728,48.334297,60.436,0.1331,1.352,7.354,176.3301,3.3567,4.124162291495762,0.043,0
2024-07-15T11:43:08Z,3.565,15.1643,0.7673,6.1418,47.943264,59.993,0.1321,1.36,7.354,176.1201,3.2892,4.095092113958097,0.049,0
2024-07-15T11:43:08Z,3.58,15.0994,0.7433,6.2231,47.368171,59.345,0.1347,1.366,7.353,176.008,3.2465,4.054463636530306,0.055,0
2024-07-15T11:43:08Z,3.591,15.0213,0.7477,6.2745,47.15828,59.223,0.1365,1.356,7.352,175.9201,3.1975,4.053550839430721,0.056,0
2024-07-15T11:43:08Z,3.604,14.9758,0.7621,6.5248,47.246539,59.498,0.136,1.346,7.351,175.8326,3.1146,4.0783683486158395,0.054,0
2024-07-15T11:43:08Z,3.622,14.9579,0.7586,6.7896,47.292372,59.664,0.137,1.34,7.351,175.7239,3.0201,4.092387345204391,0.05,0
2024-07-15T11:43:08Z,3.639,14.9293,0.7474,6.8462,47.267942,59.668,0.1392,1.326,7.351,175.5509,2.9658,4.095645953087837,0.047,0
2024-07-15T11:43:08Z,3.649,14.82,0.7359,6.7997,47.268553,59.672,0.1371,1.32,7.351,175.2901,2.9502,4.107309343689376,0.044,0
2024-07-15T11:43:08Z,3.655,14.6809,0.7279,6.9777,47.363244,59.807,0.1361,1.325,7.351,175.067,2.9267,4.131825166822507,0.041,0
2024-07-15T11:43:08Z,3.663,14.6093,0.7252,7.3591,47.460528,59.983,0.1371,1.321,7.351,174.9179,2.8839,4.152388441711011,0.039,0
2024-07-15T11:43:08Z,3.673,14.5986,0.7195,7.5859,47.49244,60.11,0.1343,1.306,7.351,174.8626,2.8364,4.162923331099721,0.037,0
2024-07-15T11:43:08Z,3.683,14.606,0.7087,7.6014,47.49505,60.185,0.1332,1.302,7.35,174.8286,2.7891,4.167690950425537,0.037,0
2024-07-15T11:43:08Z,3.695,14.6037,0.695,7.8195,47.492015,60.205,0.1355,1.312,7.349,174.7664,2.7395,4.169415516516416,0.036,0
2024-07-15T11:43:08Z,3.706,14.5694,0.6948,8.4126,47.45572,60.148,0.1351,1.312,7.349,174.7984,2.7067,4.168836478688913,0.035,0
2024-07-15T11:43:08Z,3.714,14.4967,0.7062,8.8975,47.31018,59.948,0.1324,1.307,7.348,174.958,2.7072,4.161726108896511,0.033,0
2024-07-15T11:43:08Z,3.719,14.4384,0.7079,9.0363,47.002061,59.567,0.1317,1.309,7.348,175.1471,2.7009,4.1396106075520835,0.032,0
2024-07-15T11:43:08Z,3.724,14.4302,0.6991,9.0321,46.650664,59.19,0.1347,1.296,7.348,175.1055,2.6733,4.112468873517422,0.033,0
2024-07-15T11:43:08Z,3.733,14.4449,0.6906,9.257,46.489641,59.111,0.1346,1.286,7.349,174.885,2.6418,4.105059362003513,0.036,0
2024-07-15T11:43:08Z,3.743,14.4598,0.6894,9.774,46.578683,59.347,0.1319,1.295,7.35,174.718,2.6003,4.121013390745203,0.039,0
2024-07-15T11:43:08Z,3.755,14.4656,0.7009,10.0914,46.647891,59.491,0.1352,1.293,7.351,174.5487,2.5452,4.131091640223448,0.043,0
2024-07-15T11:43:08Z,3.768,14.4221,0.713,10.1909,46.501067,59.314,0.1321,1.292,7.35,174.3869,2.4931,4.122530192061196,0.045,0
2024-07-15T11:43:08Z,3.781,14.3205,0.6865,10.6007,46.327092,59.124,0.1298,1.301,7.35,174.3105,2.4506,4.119101741514093,0.044,0
2024-07-15T11:43:08Z,3.792,14.218,0.6382,11.289,46.258427,59.088,0.1346,1.303,7.35,174.2277,2.4098,4.127241851650553,0.042,0
2024-07-15T11:43:08Z,3.803,14.1869,0.6197,11.6474,46.242165,59.101,0.1323,1.299,7.349,174.0739,2.3761,4.131505260345484,0.038,0
2024-07-15T11:43:08Z,3.813,14.2079,0.6302,11.7219,46.257408,59.135,0.1318,1.299,7.348,173.9989,2.3496,4.131819923866448,0.035,0
2024-07-15T11:43:08Z,3.82,14.1822,0.6478,11.9172,46.315748,59.219,0.1341,1.301,7.349,174.0101,2.3261,4.140822560983211,0.033,0
2024-07-15T11:43:08Z,3.827,14.1308,0.6488,12.1646,46.37618,59.339,0.1341,1.302,7.349,173.8647,2.3102,4.155270587950155,0.032,0
2024-07-15T11:43:08Z,3.833,14.1153,0.6353,12.2533,46.353207,59.414,0.1332,1.307,7.35,173.703,2.2943,4.16254167057755,0.032,0
2024-07-15T11:43:08Z,3.841,14.1055,0.625,12.2387,46.29182,59.439,0.1334,1.298,7.35,173.6896,2.263,4.165462107354329,0.033,0
2024-07-15T11:43:08Z,3.852,14.1064,0.6166,12.6027,46.268695,59.434,0.1341,1.278,7.35,173.6173,2.2213,4.164990646339229,0.033,0
2024-07-15T11:43:08Z,3.862,14.0983,0.6083,13.3071,46.264035,59.39,0.1332,1.273,7.35,173.5178,2.1929,4.162559469331542,0.033,0
2024-07-15T11:43:08Z,3.871,14.0068,0.5993,13.6494,46.235521,59.322,0.1353,1.271,7.35,173.519,2.1834,4.167254206107458,0.032,0
2024-07-15T11:43:08Z,3.878,13.9095,0.5916,13.6675,46.177903,59.256,0.1351,1.256,7.351,173.5459,2.1819,4.172737460217605,0.03,0
2024-07-15T11:43:08Z,3.884,13.9043,0.5816,14.0044,46.075252,59.155,0.1306,1.252,7.352,173.4982,2.1812,4.1656919762330675,0.028,0
2024-07-15T11:43:08Z,3.891,13.9509,0.5789,14.6821,45.883113,58.957,0.1311,1.262,7.354,173.3726,2.173,4.145807954439925,0.028,0
2024-07-15T11:43:08Z,3.897,13.9786,0.5909,15.0973,45.695733,58.794,0.1324,1.262,7.354,173.3178,2.16,4.130609619638324,0.029,0
2024-07-15T11:43:08Z,3.903,13.9664,0.5863,15.1307,45.460136,58.567,0.1286,1.259,7.354,173.3526,2.1538,4.114856031220727,0.032,0
2024-07-15T11:43:08Z,3.912,13.9409,0.5653,15.1198,44.938911,57.946,0.1279,1.263,7.353,173.3631,2.1549,4.07091027277284,0.036,0
2024-07-15T11:43:08Z,3.922,13.9216,0.5444,15.7857,44.408537,57.332,0.1315,1.257,7.352,173.2724,2.1502,4.026829741639332,0.041,0
2024-07-15T11:43:08Z,3.932,13.859,0.5332,17.1699,44.252702,57.234,0.1306,1.244,7.352,173.1165,2.1371000000000002,4.025964051356679,0.045,0
2024-07-15T11:43:08Z,3.945,13.7897,0.5464,18.0223,44.260733,57.326,0.1293,1.239,7.353,173.1127,2.1161,4.040095735553272,0.047,0
2024-07-15T11:43:08Z,3.96,13.7828,0.546,18.2009,44.188175,57.268,0.132,1.245,7.353,173.2262,2.0915,4.03644580230201,0.047,0
2024-07-15T11:43:08Z,3.975,13.7402,0.52,19.1928,44.137112,57.204,0.1302,1.248,7.353,173.2849,2.0702,4.0360626660157815,0.043,0
2024-07-15T11:43:08Z,3.987,13.6458,0.5066,21.0651,44.214639,57.296,0.1291,1.249,7.352,173.3062,2.0544,4.0528784749711795,0.036,0
2024-07-15T11:43:08Z,3.996,13.5895,0.5092,22.1198,44.300349,57.398,0.128,1.27,7.35,173.3111,2.0547,4.066510948355659,0.028,0
2024-07-15T11:43:08Z,4.001,13.5695,0.5182,22.3123,44.348214,57.448,0.1295,1.284,7.35,173.2584,2.0606,4.072405684052406,0.02,0
2024-07-15T11:43:08Z,4.001,13.5727,0.5233,22.5728,44.412519,57.521,0.1311,1.278,7.35,173.1852,2.06,4.077598245106788,0.014,0
2024-07-15T11:43:08Z,4.001,13.5834,0.5128,22.9466,44.379602,57.474,0.1276,1.27,7.35,173.2005,2.0603,4.072908613408367,0.01,0
2024-07-15T11:43:08Z,4.002,13.5843,0.4993,23.1761,44.204137,57.244,0.1332,1.263,7.351,173.2709,2.0618,4.055398650405408,0.008,0
2024-07-15T11:43:08Z,4.006,13.5963,0.5099,23.2986,43.687506,56.575,0.1346,1.26,7.351,173.4341,2.0674,4.003532224472005,0.012,0
2024-07-15T11:43:08Z,4.01,13.6047,0.5241,24.086,42.63983,55.236,0.1321,1.255,7.35,173.7112,2.0726,3.9015446006365675,0.021,0
2024-07-15T11:43:08Z,4.011,13.6049,0.4965,25.4542,41.756037,54.165,0.1325,1.242,7.349,173.9534,2.0708,3.8207917919466263,0.031,0
2024-07-15T11:43:08Z,4.015,13.6078,0.4599,26.1785,41.633829,54.147,0.1308,1.228,7.349,174.126,2.0623,3.8191494193644706,0.041,0
2024-07-15T11:43:08Z,4.029,13.608,0.4549,26.3532,41.923788,54.667,0.131,1.223,7.35,174.1627,2.0286,3.8583063726749027,0.047,0
2024-07-15T11:43:08Z,4.052,13.6084,0.4702,27.5664,42.215205,55.117,0.1308,1.224,7.35,174.1392,1.9725,3.892192834916354,0.049,0
2024-07-15T11:43:08Z,4.072,13.566,0.4857,29.7799,42.364543,55.31,0.1294,1.226,7.35,174.2722,1.9446,3.9110416746750607,0.049,0
2024-07-15T11:43:08Z,4.083,13.4442,0.477,30.9806,42.46,55.41,0.1275,1.227,7.35,174.4803,1.957,3.930990183764291,0.046,0
2024-07-15T11:43:08Z,4.089,13.3168,0.456,31.0504,42.544259,55.498,0.1278,1.237,7.35,174.5047,1.9645,3.9507157248624702,0.039,0
2024-07-15T11:43:08Z,4.095,13.2712,0.4486,31.0335,42.494718,55.419,0.1283,1.244,7.35,174.395,1.9533,3.949392109676966,0.033,0
2024-07-15T11:43:08Z,4.101,13.2931,0.4451,31.1855,42.368797,55.256,0.1284,1.22,7.349,174.4443,1.9412,3.9347420792261834,0.031,0
2024-07-15T11:43:08Z,4.109,13.3128,0.4316,31.4884,42.291193,55.17,0.1281,1.201,7.349,174.5847,1.9375,3.9261881750016983,0.031,0
2024-07-15T11:43:08Z,4.117,13.3273,0.4096,31.6218,42.254596,55.145,0.1288,1.219,7.348,174.63,1.928,3.9228077866352655,0.031,0
2024-07-15T11:43:08Z,4.127,13.3422,0.3947,31.5684,42.180178,55.072,0.1325,1.251,7.348,174.6479,1.9023,3.915743655158986,0.03,0
2024-07-15T11:43:08Z,4.137,13.3376,0.3936,31.5941,42.089568,54.981,0.1273,1.319,7.348,174.6284,1.8865,3.909300431903342,0.027,0
2024-07-15T11:43:08Z,4.144,13.327,0.4047,31.762,42.047622,54.959,0.123,1.481,7.349,174.5668,1.895,3.9087067071595225,0.025,0
2024-07-15T11:43:08Z,4.148,13.3093,0.4206,31.891,41.99033,54.911,0.128,1.753,7.351,174.678,1.904,3.906858878016782,0.024,0
2024-07-15T11:43:08Z,4.15,13.2927,0.4194,31.8553,41.9046,54.819,0.1302,2.099,7.352,174.9398,1.9073,3.901552950728328,0.024,0
2024-07-15T11:43:08Z,4.154,13.2766,0.4067,31.6376,41.899645,54.836,0.134,2.464,7.352,175.0653,1.9041,3.904480624353374,0.025,0
2024-07-15T11:43:08Z,4.163,13.2474,0.4006,31.377,41.93039,54.896,0.1508,2.843,7.353,174.991,1.8784,3.9120157658402945,0.027,0
2024-07-15T11:43:08Z,4.173,13.2285,0.4041,31.3006,41.895505,54.861,0.1806,3.265,7.354,174.9018,1.8605,3.9112761596143115,0.029,0
2024-07-15T11:43:08Z,4.182,13.2205,0.4153,31.3623,41.858674,54.826,0.2201,3.755,7.356,174.8472,1.8577,3.909425319816406,0.03,0
2024-07-15T11:43:08Z,4.189,13.1999,0.4112,31.3032,41.865873,54.86,0.2583,4.332,7.356,174.7607,1.8347,3.9141148189904906,0.029,0
2024-07-15T11:43:08Z,4.196,13.1844,0.3964,31.0987,41.855581,54.87,0.2965,4.962,7.356,174.8025,1.8124,3.9164583534982733,0.027,0
2024-07-15T11:43:08Z,4.203,13.1817,0.3945,30.9737,41.797682,54.81,0.3403,5.587,7.357,174.922,1.8089,3.912159487657993,0.025,0
2024-07-15T11:43:08Z,4.209,13.1747,0.4048,30.9873,41.737042,54.748,0.39,6.188,7.358,174.9155,1.8091,3.908146217947879,0.025,0
2024-07-15T11:43:08Z,4.214,13.1541,0.4206,31.0241,41.693611,54.713,0.4524,6.76,7.358,174.895,1.8026,3.9075762566559744,0.025,0
2024-07-15T11:43:08Z,4.221,13.1337,0.4188,30.9406,41.653357,54.684,0.5219,7.284,7.359,174.933,1.7869,3.907442720391704,0.024,0
2024-07-15T11:43:08Z,4.229,13.1272,0.4007,30.7972,41.631141,54.683,0.588,7.779,7.36,175.0309,1.7779,3.908028615672279,0.022,0
2024-07-15T11:43:08Z,4.235,13.1158,0.3927,30.7252,41.615385,54.683,0.6508,8.33,7.36,175.218,1.7769,3.9091909511163663,0.022,0
2024-07-15T11:43:08Z,4.239,13.0986,0.3891,30.5815,41.589771,54.661,0.7126,8.941,7.36,175.3881,1.7749,3.9092657024035526,0.022,0
2024-07-15T11:43:08Z,4.243,13.0847,0.3817,30.3239,41.575313,54.655,0.7684,9.517,7.361,175.3676,1.7761,3.91022610342686,0.022,0
2024-07-15T11:43:08Z,4.248,13.0609,0.3696,30.1734,41.5675,54.666,0.8156,10.092,7.362,175.3137,1.7717,3.913497935049089,0.022,0
2024-07-15T11:43:08Z,4.254,13.0435,0.3514,30.1279,41.495288,54.596,0.8717,10.73,7.362,175.4252,1.7595,3.909922829670283,0.025,0
2024-07-15T11:43:08Z,4.261,13.0417,0.3443,30.0469,41.33687,54.429,0.9457,11.4,7.362,175.5119,1.7523,3.8973346811051868,0.03,0
2024-07-15T11:43:08Z,4.267,13.0343,0.3663,29.7063,41.238776,54.38,1.0019,12.065,7.361,175.5008,1.7443,3.894340660342706,0.035,0
2024-07-15T11:43:08Z,4.274,13.018,0.4022,29.1184,41.26121,54.493,1.0584,12.733,7.359,175.4633,1.7241,3.9046460440451134,0.039,0
2024-07-15T11:43:08Z,4.286,12.9982,0.4122,28.7455,41.290692,54.557,1.1302,13.482,7.359,175.4883,1.6908,3.9115672339256555,0.043,0
2024-07-15T11:43:08Z,4.302,12.9868,0.3949,28.6135,41.277882,54.527,1.2015,14.534,7.359,175.6315,1.6642,3.9104346812506163,0.045,0
2024-07-15T11:43:08Z,4.316,12.9191,0.3675,28.2401,41.233267,54.466,1.2742,16.158,7.359,175.8176,1.6543,3.9126874957184037,0.045,0
2024-07-15T11:43:08Z,4.326,12.8304,0.3478,27.6128,41.132074,54.346,1.3443,18.226,7.359,176.0178,1.6437,3.9125641134673588,0.042,0
2024-07-15T11:43:08Z,4.336,12.8309,0.3568,27.2803,41.006381,54.212,1.4176,20.318,7.359,176.1588,1.6262,3.9022111146277974,0.037,0
2024-07-15T11:43:08Z,4.346,12.8549,0.3597,27.2249,40.982856,54.234,1.5095,22.211,7.359,176.1464,1.6079,3.901446278551892,0.032,0
2024-07-15T11:43:08Z,4.355,12.852,0.342,27.0796,41.038,54.355,1.6871,23.871,7.359,176.0399,1.5937,3.9110391665460407,0.029,0
2024-07-15T11:43:08Z,4.36,12.8437,0.3335,26.8902,41.0384,54.372,1.9313,25.377,7.359,176.0753,1.5795,3.9131964907103316,0.029,0
2024-07-15T11:43:08Z,4.364,12.8255,0.3401,26.8138,40.98767,54.302,2.1563,26.821,7.36,176.3168,1.5637,3.9096817199357314,0.03,0
2024-07-15T11:43:08Z,4.369,12.7798,0.3632,26.8049,40.932385,54.228,2.3615,28.195,7.36,176.6363,1.5442,3.908674960778263,0.033,0
2024-07-15T11:43:08Z,4.379,12.735,0.3717,26.5093,40.877696,54.163,2.5362,29.461,7.36,176.9263,1.5296,3.9082652270468983,0.036,0
2024-07-15T11:43:08Z,4.392,12.7304,0.3423,25.9373,40.834162,54.124,2.6897,30.619,7.359,177.0703,1.5231,3.905731239664067,0.04,0
2024-07-15T11:43:08Z,4.404,12.7405,0.3165,25.5947,40.786811,54.09,2.8455,31.723,7.359,177.173,1.5082,3.902075457836981,0.043,0
2024-07-15T11:43:08Z,4.416,12.7393,0.3262,25.5436,40.685951,53.987,2.9914,32.779,7.36,177.3944,1.4849,3.894263418721407,0.044,0
2024-07-15T11:43:08Z,4.427,12.7354,0.3513,25.3535,40.566648,53.865,3.1277,33.734,7.36,177.6818,1.4501,3.885264353645864,0.044,0
2024-07-15T11:43:08Z,4.438,12.7227,0.3543,24.9358,40.486706,53.8,3.2471,34.586,7.36,177.8955,1.4201,3.881552215501774,0.045,0
2024-07-15T11:43:08Z,4.448,12.699,0.3364,24.6943,40.290537,53.581,3.3651,35.426,7.36,177.999,1.4053,3.8670901141682634,0.048,0
2024-07-15T11:43:08Z,4.459,12.6805,0.3264,24.6546,39.971787,53.226,3.4831,36.43,7.36,178.1581,1.387,3.8416076546208404,0.053,0
2024-07-15T11:43:08Z,4.471,12.6539,0.3248,24.6268,39.805931,53.126,3.5856,37.71,7.36,178.4431,1.3705,3.8365839542514357,0.059,0
2024-07-15T11:43:08Z,4.486,12.6219,0.334,24.734,39.808238,53.259,3.6765,39.263,7.359,178.7768,1.3423,3.8500775879206155,0.064,0
2024-07-15T11:43:08Z,4.507,12.601,0.3461,24.9602,39.80918,53.343,3.7593,41.203,7.359,179.0959,1.285,3.858681378443202,0.068,0
2024-07-15T11:43:08Z,4.531,12.5644,0.3384,25.0722,39.753787,53.312,3.8629,43.908,7.359,179.3762,1.2376,3.860003232131329,0.073,0
2024-07-15T11:43:08Z,4.548,12.4651,0.3322,25.0982,39.709629,53.301,4.0128,47.762,7.358,179.7562,1.2172,3.869265402984854,0.079,0
2024-07-15T11:43:08Z,4.56,12.3511,0.3618,25.2746,39.719472,53.376,4.1856,52.521,7.358,180.164,1.193,3.8867601273410783,0.08,0
2024-07-15T11:43:08Z,4.579,12.2998,0.4135,25.5302,39.745823,53.461,4.3836,57.406,7.358,180.4347,1.1498,3.8986528928172652,0.076,0
2024-07-15T11:43:08Z,4.609,12.2846,0.4255,25.6267,39.774336,53.515,4.6509,61.982,7.358,180.706,1.0986,3.9044255364894833,0.069,0
2024-07-15T11:43:08Z,4.636,12.2543,0.3984,25.5882,39.810352,53.55,5.0747,66.22,7.358,180.9495,1.0586,3.910285001537073,0.06,0
2024-07-15T11:43:08Z,4.649,12.1996,0.377,25.577,39.863986,53.598,5.6366,70.045,7.358,181.1417,1.038,3.9197016558108237,0.049,0
2024-07-15T11:43:08Z,4.655,12.1588,0.3675,25.6275,39.915121,53.638,6.1792,73.217,7.357,181.395,1.0263,3.9270697605746574,0.036,0
2024-07-15T11:43:08Z,4.658,12.1527,0.3657,25.6527,39.920924,53.618,6.6659,75.402,7.356,181.6028,1.0092,3.9261409816155743,0.026,0
2024-07-15T11:43:08Z,4.659,12.1658,0.3555,25.6083,39.870709,53.531,7.1229,76.448,7.356,181.7608,0.9857,3.9179778763944966,0.022,0
2024-07-15T11:43:08Z,4.662,12.1855,0.3437,25.6368,39.815716,53.454,7.5385,76.573,7.355,181.9298,0.96868,3.9099181532951284,0.022,0
2024-07-15T11:43:08Z,4.667,12.2041,0.3479,25.7933,39.827182,53.482,7.8906,76.034,7.354,182.1828,0.95187,3.910176985586795,0.025,0
2024-07-15T11:43:08Z,4.677,12.2258,0.3564,25.8941,39.882405,53.575,8.1315,74.947,7.353,182.5825,0.91198,3.915185865321723,0.028,0
2024-07-15T11:43:08Z,4.688,12.2427,0.3637,25.8995,39.912211,53.629,8.226,73.497,7.353,182.8915,0.86381,3.9176454090074797,0.029,0
2024-07-15T11:43:08Z,4.697,12.2433,0.3607,25.9269,39.933703,53.661,8.2273,72.008,7.353,183.1647,0.83245,3.920078801932548,0.029,0
2024-07-15T11:43:08Z,4.702,12.2328,0.3462,25.9857,39.951873,53.681,8.1718,70.804,7.353,183.5628,0.81326,3.922729310821701,0.027,0
2024-07-15T11:43:08Z,4.708,12.216,0.3456,26.0307,39.941503,53.658,8.0513,70.056,7.353,183.8341,0.79549,3.9226793233543233,0.026,0
2024-07-15T11:43:08Z,4.714,12.2054,0.3538,26.0612,39.935262,53.645,7.8843,69.754,7.352,184.1215,0.77993,3.9227654944337393,0.026,0
2024-07-15T11:43:08Z,4.718,12.2038,0.3458,26.0458,39.939883,53.658,7.7109,69.739,7.351,184.5427,0.76482000000000006,3.923946810893697,0.027,0
2024-07-15T11:43:08Z,4.723,12.2075,0.3315,26.0496,39.933902,53.661,7.575,69.807,7.35,184.7966,0.73897,3.9237962381966884,0.029,0
2024-07-15T11:43:08Z,4.733,12.2168,0.3225,26.1421,39.926402,53.661,7.4938,69.826,7.349,184.9543,0.7041,3.9228290787005617,0.031,0
2024-07-15T11:43:08Z,4.744,12.2226,0.328,26.2416,39.912661,53.653,7.4673,69.757,7.348,185.1589,0.67542,3.921601273048094,0.031,0
2024-07-15T11:43:08Z,4.753,12.216,0.3569,26.3305,39.894673,53.642,7.4759,69.671,7.348,185.3781,0.66361,3.9214277380911597,0.031,0
2024-07-15T11:43:08Z,4.76,12.2043,0.3884,26.3628,39.899294,53.662,7.4896,69.655,7.347,185.5392,0.65567,3.924204857267385,0.029,0
2024-07-15T11:43:08Z,4.767,12.1993,0.4011,26.3244,39.905064,53.679,7.4945,69.726,7.345,185.6441,0.64182,3.9260520559798393,0.026,0
2024-07-15T11:43:08Z,4.774,12.1938,0.394,26.2766,39.900969,53.68,7.485,69.901,7.345,185.8718,0.62664,3.926701947253784,0.021,0
2024-07-15T11:43:08Z,4.779,12.1821,0.3941,26.2636,39.913237,53.701,7.4721,70.215,7.344,186.2273,0.61034,3.9295603676883917,0.017,0
2024-07-15T11:43:08Z,4.783,12.1718,0.4024,26.3031,39.926458,53.718,7.4736,70.674,7.343,186.5877,0.60145,3.931961887941864,0.014,0
2024-07-15T11:43:08Z,4.786,12.1663,0.4033,26.3103,39.933891,53.717,7.4816,71.277,7.341,186.8736,0.6003,3.932456906138094,0.013,0
2024-07-15T11:43:08Z,4.786,12.1631,0.4052,26.2824,39.939659,53.712,7.4979,71.917,7.341,187.1036,0.60399,3.9323996581328258,0.014,0
2024-07-15T11:43:08Z,4.787,12.1583,0.3919,26.2733,39.93275,53.698,7.5343,72.405,7.34,187.3892,0.6073,3.9318054768759594,0.016,0
2024-07-15T11:43:08Z,4.791,12.1571,0.3666,26.3026,39.913817,53.683,7.5818,72.697,7.34,187.5736,0.59632,3.9307575819159575,0.021,0
2024-07-15T11:43:08Z,4.799,12.166,0.358,26.3291,39.901125,53.686,7.6478,72.792,7.34,187.6122,0.57612,3.930064238188832,0.026,0
2024-07-15T11:43:08Z,4.808,12.1795,0.3628,26.3206,39.906206,53.714,7.727,72.706,7.34,187.7707,0.55557,3.9308454125461405,0.031,0
2024-07-15T11:43:08Z,4.816,12.1847,0.3573,26.3362,39.911764,53.739,7.7761,72.564,7.339,187.9411,0.53868,3.932256670887768,0.034,0
2024-07-15T11:43:08Z,4.825,12.1746,0.3418,26.3478,39.904846,53.744,7.8091,72.479,7.339,188.0375,0.52718,3.933699866419734,0.035,0
2024-07-15T11:43:08Z,4.836,12.1582,0.3423,26.358,39.886015,53.729,7.825,72.535,7.339,188.2476,0.52262,3.934237045865314,0.034,0
2024-07-15T11:43:08Z,4.846,12.1428,0.3547,26.357,39.874467,53.72,7.8098,72.807,7.338,188.5018,0.51775,3.9351395266137623,0.032,0
2024-07-15T11:43:08Z,4.854,12.1312,0.3584,26.3358,39.892144,53.749,7.7935,73.296,7.337,188.7019,0.5051,3.9386193201275814,0.03,0
2024-07-15T11:43:08Z,4.861,12.1206,0.3452,26.3406,39.909344,53.776,7.7836,73.925,7.335,188.7752,0.49667,3.9418400813918635,0.029,0
2024-07-15T11:43:08Z,4.866,12.1136,0.3281,26.3469,39.892039,53.752,7.7866,74.589,7.333,188.7856,0.48321,3.9406931006922674,0.029,0
2024-07-15T11:43:08Z,4.871,12.1108,0.3353,26.3779,39.873313,53.725,7.8168,75.194,7.333,188.9988,0.46161,3.9388717679185135,0.03,0
2024-07-15T11:43:08Z,4.879,12.1061,0.3568,26.3742,39.873313,53.729,7.8734,75.673,7.333,189.3748,0.44672,3.939675943571489,0.033,0
2024-07-15T11:43:08Z,4.889,12.1019,0.3716,26.3354,39.89204,53.761,7.9463,76.02,7.334,189.6314,0.42775,3.942620421266491,0.035,0
2024-07-15T11:43:08Z,4.9,12.104,0.3809,26.4555,39.909335,53.791,8.0204,76.263,7.334,189.607,0.4068,3.9447492931788037,0.038,0
2024-07-15T11:43:08Z,4.91,12.1084,0.3869,26.6986,39.89203,53.779,8.0881,76.43,7.332,189.5958,0.39006,3.94334849445579,0.039,0
2024-07-15T11:43:08Z,4.919,12.1026,0.394,26.8498,39.873187,53.768,8.1404,76.58,7.33,189.7543,0.37458,3.943093642414399,0.039,0
2024-07-15T11:43:08Z,4.929,12.0974,0.4086,26.8483,39.871886,53.776,8.1764,76.734,7.33,189.9746,0.36874,3.9442639088679696,0.038,0
2024-07-15T11:43:08Z,4.94,12.096,0.4213,26.7155,39.876293,53.787,8.2039,76.891,7.329,190.3667,0.36739,3.9452715098623203,0.038,0
2024-07-15T11:43:08Z,4.95,12.0865,0.4149,26.5763,39.863012,53.777,8.2188,77.072,7.329,190.6241,0.36404,3.9454825314087776,0.038,0
2024-07-15T11:43:08Z,4.959,12.0742,0.3974,26.5662,39.838217,53.754,8.2377,77.281,7.329,190.6769,0.36278,3.9449681869165314,0.039,0
2024-07-15T11:43:08Z,4.967,12.0684,0.3933,26.5931,39.830354,53.756,8.2563,77.501,7.328,190.9191,0.35316,3.9457321870241944,0.041,0
2024-07-15T11:43:08Z,4.977,12.0667,0.3818,26.4918,39.831393,53.768,8.271,77.716,7.327,191.2296,0.33452,3.9468504404975535,0.042,0
2024-07-15T11:43:08Z,4.989,12.061,0.3502,26.2977,39.850767,53.798,8.2925,77.929,7.326,191.505,0.32002,3.9497992277036382,0.043,0
2024-07-15T11:43:08Z,5.003,12.0542,0.3348,26.1923,39.874205,53.828,8.3163,78.154,7.324,191.8402,0.30377,3.9528644217743154,0.043,0
2024-07-15T11:43:08Z,5.014,12.0446,0.3369,26.2092,39.860925,53.813,8.3435,78.39,7.323,192.0992,0.28153,3.9526953332406785,0.043,0
2024-07-15T11:43:08Z,5.023,12.0337,0.3589,26.3987,39.817131,53.763,8.3678,78.626,7.323,192.3129,0.26103,3.9499167925210097,0.044,0
2024-07-15T11:43:08Z,5.033,12.0338,0.393,26.6734,39.788938,53.738,8.3903,78.822,7.322,192.6178,0.25385,3.9479445630763395,0.047,0
2024-07-15T11:43:08Z,5.043,12.0369,0.4003,26.7636,39.773893,53.733,8.4139,78.932,7.322,192.8599,0.24547,3.947226592178987,0.05,0
2024-07-15T11:43:08Z,5.056,12.0354,0.3889,26.7382,39.76213,53.729,8.4396,78.964,7.321,193.0035,0.22292,3.9470693792072775,0.05,0
2024-07-15T11:43:08Z,5.074,12.0289,0.3883,26.7082,39.773639,53.751,8.468,78.962,7.32,193.1488,0.21295,3.9494763651078513,0.048,0
2024-07-15T11:43:08Z,5.093,12.0186,0.4018,26.6737,39.786111,53.766,8.4937,78.957,7.319,193.3261,0.20629,3.951733636123048,0.043,0
2024-07-15T11:43:08Z,5.106,12.0074,0.4105,26.6281,39.785996,53.761,8.5071,78.972,7.32,193.5129,0.19311,3.952516785626191,0.039,0
2024-07-15T11:43:08Z,5.109,11.9976,0.41,26.5333,39.772263,53.741,8.5099,79.014,7.32,193.686,0.1962,3.9519761081565035,0.038,0
2024-07-15T11:43:08Z,5.109,11.9935,0.4053,26.4842,39.746991,53.711,8.5099,79.067,7.319,193.9568,0.20606,3.950051188141,0.039,0
2024-07-15T11:43:08Z,5.114,11.9957,0.3949,26.546,39.734291,53.703,8.5078,79.124,7.316,194.2063,0.19837,3.9491916837734986,0.041,0
2024-07-15T11:43:08Z,5.128,12.0008,0.4005,26.6311,39.745621,53.726,8.5079,79.181,7.314,194.2939,0.17632,3.9504612333041424,0.046,0
2024-07-15T11:43:08Z,5.148,12.0034,0.4225,26.6258,39.757047,53.744,8.5136,79.24,7.314,194.3276,0.16791,3.9516001900181568,0.049,0
2024-07-15T11:43:08Z,5.167,11.9994,0.4202,26.5503,39.745508,53.729,8.5195,79.291,7.313,194.4418,0.18148,3.9508413791953854,0.047,0
2024-07-15T11:43:08Z,5.181,11.9914,0.3967,26.5034,39.733033,53.71,8.5279,79.31,7.311,194.6425,0.18917,3.950188808822757,0.04,0
2024-07-15T11:43:08Z,5.188,11.9853,0.3803,26.5371,39.733147,53.708,8.5349,79.295,7.309,194.8606,0.17477,3.95067216906659,0.03,0
2024-07-15T11:43:08Z,5.192,11.9836,0.3799,26.617,39.74689,53.724,8.5414,79.271,7.309,195.1865,0.16463,3.9521075305849345,0.019,0
2024-07-15T11:43:08Z,5.193,11.9843,0.3994,26.6155,39.772275,53.758,8.5487,79.256,7.308,195.4851,0.16635,3.954704858438494,0.011,0
2024-07-15T11:43:08Z,5.193,11.9853,0.4087,26.5868,39.786215,53.774,8.5504,79.251,7.307,195.5452,0.16155,3.955856598951679,0.009,0
2024-07-15T11:43:08Z,5.193,11.9879,0.4095,26.6793,39.788514,53.773,8.5469,79.246,7.306,195.4837,0.15058,3.955504547364493,0.009,0
2024-07-15T11:43:08Z,5.194,11.9892,0.4178,26.812,39.800072,53.784,8.5434,79.243,7.306,195.4294,0.14108,3.9562318621364607,0.012,0
2024-07-15T11:43:08Z,5.198,11.989,0.4093,26.8585,39.799032,53.779,8.542,79.261,7.306,195.4912,0.13355,3.955859918941397,0.017,0
2024-07-15T11:43:08Z,5.204,11.991,0.3973,26.7637,39.775956,53.747,8.5412,79.306,7.305,195.7149,0.12748,3.953135723388673,0.022,0
2024-07-15T11:43:08Z,5.211,11.9938,0.3974,26.588,39.774907,53.748,8.541,79.358,7.303,195.8969,0.13139,3.9529194963796432,0.027,0
2024-07-15T11:43:08Z,5.217,11.9968,0.4021,26.5445,39.786352,53.771,8.538,79.377,7.303,196.056,0.1388,3.9544100897791474,0.032,0
2024-07-15T11:43:08Z,5.225,12,0.4043,26.6132,39.787392,53.781,8.5399,79.365,7.303,196.3481,0.13422,3.9548585367669817,0.036,0
2024-07-15T11:43:08Z,5.235,12.0018,0.4076,26.6328,39.787477,53.786,8.5442,79.369,7.302,196.5897,0.12729,3.9550613295072,0.04,0
2024-07-15T11:43:08Z,5.246,11.9997,0.4164,26.5773,39.787383,53.786,8.5532,79.388,7.302,196.7411,0.12753,3.955281576167722,0.042,0
2024-07-15T11:43:08Z,5.258,11.993,0.4118,26.4888,39.786254,53.782,8.5568,79.394,7.301,196.9739,0.12783,3.9556713732681823,0.043,0
2024-07-15T11:43:08Z,5.272,11.9866,0.4019,26.4847,39.773822,53.762,8.5527,79.389,7.301,197.2524,0.12564,3.954772662161305,0.043,0
2024-07-15T11:43:08Z,5.284,11.9829,0.3963,26.528,39.763999,53.745,8.555,79.398,7.301,197.4415,0.12596,3.953825656405,0.041,0
2024-07-15T11:43:08Z,5.294,11.9831,0.3943,26.5682,39.79442,53.782,8.5586,79.424,7.3,197.6264,0.12814,3.956710806881056,0.037,0
2024-07-15T11:43:08Z,5.303,11.9863,0.4025,26.5953,39.824316,53.819,8.5583,79.45,7.297,197.8525,0.12714,3.9592802639531604,0.033,0
2024-07-15T11:43:08Z,5.31,11.9871,0.4035,26.5139,39.808151,53.794,8.5563,79.464,7.295,198.1101,0.12492,3.957231692074341,0.028,0
2024-07-15T11:43:08Z,5.316,11.9901,0.3983,26.472,39.789372,53.765,8.5565,79.475,7.294,198.332,0.12397,3.954637836158924,0.024,0
2024-07-15T11:43:08Z,5.322,11.994,0.406,26.5666,39.787657,53.762,8.5593,79.49,7.293,198.4711,0.12371,3.9539918011159,0.02,0
2024-07-15T11:43:08Z,5.327,11.9949,0.4215,26.6338,39.787412,53.762,8.563,79.506,7.291,198.674,0.12372,3.953896839441453,0.016,0
2024-07-15T11:43:08Z,5.33,11.9977,0.4196,26.6012,39.786409,53.759,8.563,79.509,7.289,198.806,0.12371,3.9533667356844253,0.014,0
2024-07-15T11:43:08Z,5.332,12.0009,0.3997,26.5483,39.775536,53.741,8.5633,79.477,7.289,198.8622,0.12367,3.9516169571332083,0.012,0
2024-07-15T11:43:08Z,5.334,12.0004,0.398,26.5739,39.782879,53.749,8.5652,79.401,7.289,199.0097,0.12367,3.9522976077566976,0.012,0
2024-07-15T11:43:08Z,5.336,11.9999,0.4159,26.6375,39.811725,53.786,8.5677,79.32,7.288,199.127,0.12367,3.9552554972109766,0.012,0
2024-07-15T11:43:08Z,5.339,12.0018,0.4235,26.6343,39.806994,53.781,8.5682,79.272,7.287,199.247,0.12364,3.95466285940552,0.014,0
2024-07-15T11:43:08Z,5.343,12.0037,0.4155,26.6042,39.789144,53.761,8.5658,79.246,7.287,199.4286,0.12361,3.9528924501977873,0.016,0
2024-07-15T11:43:08Z,5.348,12.0052,0.385,26.6497,39.786283,53.764,8.5548,79.222,7.286,199.5165,0.12356,3.952970197090077,0.016,0
2024-07-15T11:43:08Z,5.354,12.0068,0.3559,26.7735,39.772403,53.749,8.5436,79.203,7.284,199.5345,0.12354,3.9516241249796713,0.017,0
2024-07-15T11:43:08Z,5.359,12.0067,0.3623,26.8719,39.748245,53.719,8.5401,79.216,7.284,199.6464,0.12364,3.94927899493222,0.019,0
2024-07-15T11:43:08Z,5.362,12.0031,0.3699,26.8823,39.748035,53.721,8.5383,79.25,7.284,199.8368,0.12376,3.949813824024935,0.023,0
2024-07-15T11:43:08Z,5.366,11.998,0.3657,26.8306,39.769864,53.756,8.5374,79.269,7.284,199.9442,0.12374,3.9530978391219085,0.028,0
2024-07-15T11:43:08Z,5.372,11.9937,0.3779,26.7591,39.758316,53.747,8.5338,79.277,7.283,200.0839,0.12364,3.952842583063441,0.038,0
2024-07-15T11:43:08Z,5.382,11.9935,0.4013,26.7706,39.735333,53.722,8.5358,79.258,7.281,200.4075,0.12362,3.950899470549096,0.05,0
2024-07-15T11:43:08Z,5.394,11.9934,0.4153,26.8323,39.745833,53.743,8.5427,79.213,7.281,200.7605,0.12369,3.9525586474147403,0.059,0
2024-07-15T11:43:08Z,5.412,11.9882,0.4142,26.8227,39.758335,53.764,8.5434,79.191,7.28,200.9959,0.12373,3.9547539860050955,0.061,0
2024-07-15T11:43:08Z,5.439,11.9843,0.4042,26.7558,39.759568,53.767,8.5463,79.205,7.279,201.1029,0.1237,3.9553979960519454,0.057,0
2024-07-15T11:43:08Z,5.463,11.9798,0.3951,26.7071,39.760728,53.763,8.5468,79.234,7.278,201.1933,0.12367,3.955555333674697,0.05,0
2024-07-15T11:43:08Z,5.472,11.9739,0.4035,26.7465,39.772369,53.767,8.5384,79.274,7.278,201.3139,0.12367,3.9564901222167776,0.04,0
2024-07-15T11:43:08Z,5.471,11.9709,0.4233,26.8225,39.773399,53.757,8.5373,79.33,7.277,201.4436,0.12369,3.956020444337037,0.03,0
2024-07-15T11:43:08Z,5.472,11.9704,0.4174,26.8055,39.773199,53.755,8.5404,79.401,7.277,201.5569,0.12368,3.9559157707484855,0.022,0
2024-07-15T11:43:08Z,5.477,11.973,0.3819,26.6788,39.769948,53.757,8.5423,79.453,7.277,201.565,0.12366,3.9557990178197966,0.018,0
2024-07-15T11:43:08Z,5.483,11.9824,0.3515,26.5543,39.734083,53.717,8.5453,79.463,7.276,201.5424,0.12369,3.951667469675343,0.021,0
2024-07-15T11:43:08Z,5.489,11.9936,0.3578,26.5292,39.720333,53.704,8.5481,79.451,7.274,201.7136,0.12372,3.949469418694855,0.026,0
2024-07-15T11:43:08Z,5.495,11.9945,0.4001,26.6146,39.730621,53.722,8.5576,79.431,7.273,202.0856,0.12378,3.9507881185243585,0.03,0
2024-07-15T11:43:08Z,5.503,11.9876,0.4223,26.6988,39.731547,53.727,8.5664,79.397,7.273,202.4274,0.1238,3.951905375782267,0.036,0
2024-07-15T11:43:08Z,5.513,11.9813,0.4016,26.6933,39.731528,53.73,8.5663,79.353,7.272,202.6619,0.12373,3.952802512760295,0.049,0
2024-07-15T11:43:08Z,5.522,11.9771,0.391,26.6848,39.730383,53.73,8.5659,79.317,7.271,202.8564,0.12368,3.9532435530453216,0.064,0
2024-07-15T11:43:08Z,5.531,11.9744,0.4016,26.7322,39.717702,53.715,8.5643,79.28,7.27,202.9721,0.12368,3.9523487285640178,0.077,0
2024-07-15T11:43:08Z,5.555,11.9721,0.4141,26.7883,39.705122,53.7,8.5619,79.243,7.27,203.0278,0.12367,3.951410720894432,0.083,0
2024-07-15T11:43:08Z,5.595,11.9708,0.4176,26.7821,39.705217,53.701,8.5553,79.236,7.269,203.1003,0.12366,3.951623010922384,0.085,0
2024-07-15T11:43:08Z,5.629,11.9696,0.4021,26.726,39.718843,53.719,8.5525,79.233,7.268,203.1606,0.12367,3.953161393081866,0.086,0
2024-07-15T11:43:08Z,5.644,11.9672,0.376,26.7242,39.742952,53.752,8.5504,79.222,7.267,203.2397,0.12363,3.956006802155586,0.085,0
2024-07-15T11:43:08Z,5.652,11.966,0.3601,26.7947,39.742856,53.753,8.5425,79.211,7.267,203.3693,0.1236,3.9562115080328577,0.078,0
2024-07-15T11:43:08Z,5.667,11.9661,0.3676,26.8621,39.717679,53.718,8.5453,79.202,7.267,203.4363,0.12369,3.9534494306013035,0.069,0
2024-07-15T11:43:08Z,5.691,11.9663,0.3668,26.8559,39.692399,53.68,8.5445,79.189,7.267,203.4481,0.12381,3.9504404462157203,0.062,0
2024-07-15T11:43:08Z,5.714,11.966,0.3423,26.7869,39.691055,53.675,8.5428,79.179,7.265,203.5112,0.12382,3.9500776083766156,0.058,0
2024-07-15T11:43:08Z,5.73,11.9652,0.3293,26.6776,39.701431,53.689,8.5423,79.188,7.264,203.598,0.12372,3.9512611609662724,0.054,0
2024-07-15T11:43:08Z,5.74,11.9652,0.3352,26.5928,39.690921,53.676,8.5407,79.186,7.263,203.7226,0.12362,3.9502388823618375,0.049,0
2024-07-15T11:43:08Z,5.747,11.9675,0.3463,26.6162,39.69091,53.678,8.5403,79.175,7.263,203.8992,0.12362,3.9501540839264875,0.045,0
2024-07-15T11:43:08Z,5.752,11.9713,0.3554,26.6182,39.701294,53.695,8.535,79.17,7.262,204.0132,0.12366,3.9510905616939778,0.043,0
2024-07-15T11:43:08Z,5.762,11.9716,0.362,26.5822,39.689547,53.681,8.5399,79.165,7.26,204.0676,0.12371,3.949958403371454,0.046,0
2024-07-15T11:43:08Z,5.777,11.9699,0.376,26.6258,39.675805,53.664,8.5388,79.154,7.26,204.213,0.12369,3.94880017410636,0.051,0
2024-07-15T11:43:08Z,5.793,11.9689,0.4005,26.735,39.662063,53.648,8.5366,79.119,7.26,204.4813,0.12364,3.9476470012194596,0.055,0
2024-07-15T11:43:08Z,5.808,11.9666,0.4247,26.8445,39.650317,53.634,8.5382,79.069,7.26,204.7298,0.1237,3.9467876019428543,0.055,0
2024-07-15T11:43:08Z,5.823,11.9646,0.4109,26.8569,39.660702,53.65,8.5364,79.034,7.259,204.8946,0.12369,3.9482540800303356,0.05,0
2024-07-15T11:43:08Z,5.838,11.9644,0.3663,26.7826,39.6607,53.65,8.5378,79.014,7.258,205.0109,0.1236,3.9482741690807233,0.043,0
2024-07-15T11:43:08Z,5.849,11.9629,0.3429,26.731,39.650296,53.635,8.5332,79.004,7.257,205.1038,0.12361,3.9472522674892048,0.034,0
2024-07-15T11:43:08Z,5.855,11.9608,0.3529,26.7447,39.661835,53.65,8.5267,79.005,7.256,205.2434,0.12366,3.9486514505985313,0.026,0
2024-07-15T11:43:08Z,5.859,11.9598,0.3875,26.7095,39.673288,53.665,8.5235,79.006,7.255,205.4085,0.12363,3.9499352757353496,0.019,0
2024-07-15T11:43:08Z,5.861,11.9595,0.4116,26.5795,39.661844,53.649,8.522,79.001,7.253,205.5514,0.12358,3.9487090759953367,0.013,0
2024-07-15T11:43:08Z,5.863,11.9596,0.4027,26.5043,39.650409,53.632,8.52,78.987,7.252,205.6809,0.12361,3.9473623435308434,0.01,0
2024-07-15T11:43:08Z,5.864,11.9604,0.3891,26.5173,39.661958,53.647,8.5211,78.979,7.251,205.7692,0.12367,3.948457171540967,0.008,0
2024-07-15T11:43:08Z,5.867,11.9609,0.3961,26.5665,39.674546,53.662,8.521,78.999,7.249,205.9317,0.12369,3.94958338582897,0.008,0
2024-07-15T11:43:08Z,5.869,11.9616,0.4133,26.5865,39.67569,53.662,8.5206,79.018,7.249,206.1819,0.12373,3.9495097217460673,0.008,0
2024-07-15T11:43:08Z,5.871,11.9625,0.4134,26.5206,39.675794,53.659,8.5188,79.003,7.249,206.3853,0.12376,3.949179330679607,0.008,0
2024-07-15T11:43:08Z,5.872,11.963,0.3979,26.4521,39.675804,53.657,8.5152,78.979,7.248,206.4986,0.1237,3.9489695076765043,0.009,0
2024-07-15T11:43:08Z,5.874,11.964,0.3912,26.4771,39.675804,53.655,8.5197,78.981,7.247,206.6054,0.12364,3.9487072256168703,0.01,0
2024-07-15T11:43:08Z,5.876,11.9654,0.3914,26.5488,39.675794,53.655,8.5233,78.988,7.246,206.7302,0.12364,3.9485600548291386,0.013,0
2024-07-15T11:43:08Z,5.879,11.9675,0.3838,26.5678,39.67568,53.655,8.5198,78.971,7.246,206.8029,0.12362,3.9483392581386654,0.016,0
2024-07-15T11:43:08Z,5.884,11.9691,0.3653,26.5355,39.674431,53.655,8.5144,78.937,7.245,206.882,0.12361,3.948170991052348,0.019,0
2024-07-15T11:43:08Z,5.89,11.9698,0.3437,26.5004,39.660689,53.639,8.5161,78.904,7.244,206.9982,0.12366,3.9468399472402824,0.022,0
2024-07-15T11:43:08Z,5.897,11.97,0.3637,26.5865,39.636459,53.609,8.5186,78.879,7.243,207.1754,0.12372,3.9444614196171304,0.023,0
2024-07-15T11:43:08Z,5.903,11.9695,0.4148,26.7917,39.635315,53.61,8.516,78.863,7.243,207.3893,0.12375,3.9445921065891834,0.022,0
2024-07-15T11:43:08Z,5.911,11.969,0.4289,26.8977,39.646854,53.627,8.5115,78.853,7.242,207.6058,0.12369,3.9459798421374788,0.021,0
2024-07-15T11:43:08Z,5.917,11.9676,0.4095,26.8429,39.649047,53.63,8.5081,78.847,7.241,207.8142,0.12364,3.9463621787964502,0.018,0
2024-07-15T11:43:08Z,5.92,11.9649,0.3885,26.7784,39.661834,53.648,8.5063,78.851,7.241,207.93,0.12364,3.948059956772541,0.017,0
2024-07-15T11:43:08Z,5.922,11.9633,0.391,26.8006,39.674525,53.664,8.5042,78.869,7.241,207.9737,0.12359,3.9494853091614237,0.018,0
2024-07-15T11:43:08Z,5.924,11.9628,0.4159,26.8386,39.675575,53.666,8.5043,78.896,7.24,207.9982,0.12362,3.9496949670564914,0.021,0
2024-07-15T11:43:08Z,5.928,11.9621,0.4228,26.8626,39.674527,53.667,8.5028,78.923,7.24,208.0551,0.12368,3.949846996365643,0.023,0
2024-07-15T11:43:08Z,5.936,11.9621,0.4077,26.8856,39.661854,53.652,8.5035,78.949,7.24,208.2308,0.12368,3.948667660338246,0.024,0
2024-07-15T11:43:08Z,5.947,11.9634,0.391,26.9456,39.649277,53.635,8.5048,78.972,7.239,208.4014,0.12365,3.947194263702781,0.025,0
2024-07-15T11:43:08Z,5.956,11.9635,0.387,27.042,39.649381,53.636,8.5087,78.992,7.237,208.3972,0.12366,3.9472617762801665,0.026,0
2024-07-15T11:43:08Z,5.96,11.9603,0.4012,27.0935,39.663113,53.656,8.5119,79.011,7.236,208.3525,0.12371,3.94916963858883,0.027,0
2024-07-15T11:43:08Z,5.963,11.9584,0.4298,27.1935,39.688376,53.692,8.5152,79.025,7.235,208.3763,0.12372,3.9521988542174284,0.028,0
2024-07-15T11:43:08Z,5.968,11.9594,0.459,27.3627,39.700974,53.713,8.5177,79.039,7.236,208.3416,0.1237,3.9537440208821693,0.03,0
2024-07-15T11:43:08Z,5.976,11.9594,0.4627,27.4651,39.688502,53.702,8.5191,79.052,7.236,208.3636,0.12368,3.9528789263454427,0.034,0
2024-07-15T11:43:08Z,5.988,11.958,0.457,27.544,39.6645,53.676,8.5227,79.049,7.234,208.6411,0.12368,3.9509817680623387,0.038,0
2024-07-15T11:43:08Z,6,11.9565,0.4572,27.7353,39.664616,53.681,8.5233,79.012,7.233,208.9441,0.12369,3.951531785378371,0.04,0
2024-07-15T11:43:08Z,6.013,11.9534,0.4399,27.9337,39.689908,53.717,8.5258,78.957,7.233,209.1013,0.12366,3.954687100935639,0.04,0
2024-07-15T11:43:08Z,6.024,11.9492,0.414,27.9619,39.716438,53.752,8.5281,78.9,7.232,209.1649,0.12361,3.9578803565351373,0.038,0
2024-07-15T11:43:08Z,6.032,11.9447,0.3935,27.9396,39.731543,53.772,8.5304,78.816,7.232,209.1115,0.1236,3.959926726348274,0.036,0
2024-07-15T11:43:08Z,6.04,11.9406,0.3923,27.9707,39.745607,53.792,8.5264,78.709,7.232,209.0578,0.12363,3.961931439384006,0.034,0
2024-07-15T11:43:08Z,6.047,11.94,0.4243,28.2013,39.759561,53.815,8.5185,78.611,7.231,209.1178,0.12363,3.9638033173135367,0.034,0
2024-07-15T11:43:08Z,6.054,11.9418,0.4638,28.6453,39.773324,53.841,8.5147,78.516,7.23,209.1483,0.1236,3.965658176070769,0.035,0
2024-07-15T11:43:08Z,6.063,11.9424,0.4784,29.137,39.785074,53.864,8.5055,78.425,7.23,209.0825,0.12366,3.9674034886157843,0.039,0
2024-07-15T11:43:08Z,6.074,11.9419,0.4935,32.1303,39.774699,53.852,8.491,78.335,7.23,209.0979,0.12373,3.9665116927155304,0.045,0
2024-07-15T11:43:08Z,6.086,11.9391,0.7545,65.0426,39.774805,53.854,8.4826,78.205,7.229,209.2478,0.12377,3.9669637922957612,0.054,0
2024-07-15T11:43:08Z,6.097,11.9328,1.23,125.381,39.786354,53.878,8.4737,77.999,7.227,209.3456,0.12379,3.9695167007501797,0.061,0
2024-07-15T11:43:08Z,6.112,11.927,1.481,158.5232,39.787405,53.891,8.4633,77.696,7.226,209.4197,0.12375,3.971152112450182,0.064,0
2024-07-15T11:43:08Z,6.135,11.9264,1.5171,164.6128,39.787501,53.899,8.4573,77.31,7.225,209.6282,0.12368,3.971843597121122,0.061,0
2024-07-15T11:43:08Z,6.161,11.9273,1.6498,199.181,39.787511,53.9,8.4435,76.884,7.224,209.9732,0.12362,3.9718252907018328,0.055,0
2024-07-15T11:43:08Z,6.179,11.9209,1.8949,262.0809,39.787527,53.895,8.424,76.437,7.222,210.3224,0.12359,3.972107455384768,0.046,0
2024-07-15T11:43:08Z,6.185,11.9106,2.0424,296.2888,39.787699,53.889,8.3926,75.974,7.221,210.4083,0.12359,3.97272444208506,0.033,0
2024-07-15T11:43:08Z,6.185,11.9053,2.0516,298.4168,39.789588,53.884,8.3494,75.528,7.22,210.4091,0.12363,3.9728915023813607,0.019,0
2024-07-15T11:43:08Z,6.186,11.9054,1.9476,287.9127,39.810378,53.908,8.3032,75.151,7.219,210.5905,0.12371,3.974770548376627,0.008,0
2024-07-15T11:43:08Z,6.186,11.9085,1.7671,268.2105,39.848682,53.955,8.2542,74.884,7.218,210.7093,0.12375,3.9781430926177244,0.003,0
2024-07-15T11:43:08Z,6.186,11.9142,1.6836,257.4357,39.871927,53.98,8.2024,74.751,7.217,210.7259,0.12375,3.9795075521538434,0.002,0
2024-07-15T11:43:08Z,6.187,11.9195,1.6794,255.3657,39.901049,54.011,8.1501,74.741,7.216,210.7911,0.12373,3.981386424012827,0.002,0
2024-07-15T11:43:08Z,6.187,11.922,1.4989,242.7731,39.946935,54.066,8.1081,74.82,7.215,210.8963,0.12369,3.9854510650922745,0.003,0
2024-07-15T11:43:08Z,6.188,11.9231,1.1415,219.8524,39.982492,54.109,8.078,74.966,7.215,211.0518,0.12369,3.98871952749555,0.003,0
2024-07-15T11:43:08Z,6.189,11.9283,0.9284,207.306,40.013643,54.148,8.0626,75.144,7.214,211.2082,0.12367,3.9912374046888788,0.004,0
2024-07-15T11:43:08Z,6.19,11.9353,0.9025,205.7837,40.006256,54.137,8.0629,75.305,7.213,211.2382,0.12366,3.9896279965059556,0.004,0
2024-07-15T11:43:08Z,6.191,11.9398,0.8951,201.3093,39.95665,54.072,8.0705,75.462,7.212,211.1571,0.12369,3.98403517911765,0.005,0
2024-07-15T11:43:08Z,6.192,11.943,0.665,152.3865,39.921573,54.026,8.0864,75.623,7.211,211.1738,0.12367,3.9800765864942944,0.005,0
2024-07-15T11:43:08Z,6.193,11.9461,0.2097,62.5702,39.899464,53.995,8.1091,75.744,7.209,211.3538,0.12367,3.977309519425695,0.005,0
2024-07-15T11:43:08Z,6.195,11.9473,-0.0574,13.5362,39.879724,53.966,8.1241,75.814,7.208,211.5271,0.12372,3.974901285628809,0.005,0
2024-07-15T11:43:08Z,6.196,11.9447,-0.0764,8.9902,39.8733,53.953,8.1402,75.858,7.207,211.6338,0.12374,3.9741535608555014,0.005,0
2024-07-15T11:43:08Z,6.198,11.9429,-0.0613,7.2293,39.885251,53.963,8.1614,75.889,7.207,211.7838,0.12372,3.9751305499892986,0.004,0
2024-07-15T11:43:08Z,6.199,11.9439,-0.0663,4.5773,39.8973,53.972,8.1746,75.92,7.207,211.9652,0.12369,3.9757327087212246,0.004,0
2024-07-15T11:43:08Z,6.199,11.945,-0.0708,3.1251,39.892069,53.955,8.1799,75.955,7.206,212.1052,0.12365,3.9742790441045948,0.004,0
2024-07-15T11:43:08Z,6.2,11.9478,-0.0651,2.9248,39.885479,53.935,8.1843,75.985,7.205,212.1866,0.1236,3.972409760540628,0.004,0
2024-07-15T11:43:08Z,6.201,11.9528,-0.0557,2.1548,39.881085,53.917,8.1864,76.038,7.204,212.1749,0.1236,3.9704656613121574,0.005,0
2024-07-15T11:43:08Z,6.202,11.958,-0.0487,0.7843,39.902422,53.935,8.1875,76.132,7.203,212.1351,0.12366,3.971331694372854,0.005,0
2024-07-15T11:43:08Z,6.204,11.9643,-0.0641,0.0174,39.953069,54,8.1923,76.243,7.203,212.1356,0.12368,3.9757765732067845,0.006,0
2024-07-15T11:43:08Z,6.206,11.972,-0.0826,-0.0809,39.985747,54.048,8.1918,76.368,7.202,212.1811,0.12366,3.97873568941495,0.006,0
2024-07-15T11:43:08Z,6.207,11.9809,-0.0741,-0.1301,39.980194,54.044,8.1946,76.528,7.201,212.2546,0.12363,3.977479523133907,0.005,0
2024-07-15T11:43:08Z,6.209,11.9899,-0.0528,-0.202,39.949385,54.004,8.2051,76.698,7.201,212.4222,0.12366,3.9733844849401603,0.004,0
2024-07-15T11:43:08Z,6.21,11.9924,-0.0493,-0.2679,39.930566,53.977,8.217,76.838,7.2,212.6594,0.12369,3.9709989763305926,0.004,0
2024-07-15T11:43:08Z,6.21,11.9885,-0.0648,-0.3117,39.943051,53.989,8.229,76.954,7.2,212.8854,0.12372,3.9723537040573222,0.003,0
2024-07-15T11:43:08Z,6.211,11.9845,-0.0736,-0.321,39.97342,54.028,8.2482,77.022,7.2,213.0897,0.12377,3.975841074278105,0.003,0
2024-07-15T11:43:08Z,6.211,11.9833,-0.0647,-0.2778,39.980434,54.038,8.2704,77.018,7.2,213.1503,0.12372,3.976753872992265,0.003,0
2024-07-15T11:43:08Z,6.212,11.9854,-0.0487,-0.1997,39.964387,54.017,8.282,76.967,7.198,213.1018,0.12366,3.9748814131458685,0.003,0
2024-07-15T11:43:08Z,6.214,11.9891,-0.0468,-0.1961,39.96979,54.023,8.2961,76.891,7.196,213.1927,0.12371,3.974961690768705,0.003,0
2024-07-15T11:43:08Z,6.215,11.9915,-0.0584,-0.2681,39.982295,54.037,8.3045,76.805,7.195,213.4751,0.12374,3.9758080620579404,0.003,0
2024-07-15T11:43:08Z,6.215,11.99,-0.0637,-0.3187,39.98867,54.043,8.3023,76.737,7.195,213.6761,0.12366,3.9764380582273486,0.002,0
2024-07-15T11:43:08Z,6.215,11.9883,-0.0532,-0.2958,39.983395,54.036,8.2965,76.702,7.195,213.7297,0.1236,3.9760677452499174,0.002,0
2024-07-15T11:43:08Z,6.215,11.9894,-0.0386,-0.2307,39.981985,54.036,8.288,76.683,7.194,213.7795,0.12366,3.9759514438939014,0.001,0
2024-07-15T11:43:08Z,6.216,11.9923,-0.0454,-0.2484,40.035084,54.109,8.2769,76.668,7.193,213.8482,0.12373,3.9813809615751383,0.001,0
2024-07-15T11:43:08Z,6.216,11.9948,-0.0613,-0.3059,40.181151,54.307,8.2676,76.674,7.192,213.9582,0.1237,3.996676827015443,0.002,0
2024-07-15T11:43:08Z,6.216,11.9947,-0.0553,-0.2759,40.542226,54.795,8.2657,76.703,7.191,213.9907,0.12366,4.035058620476066,0.002,0
2024-07-15T11:43:08Z,6.217,11.9928,-0.0398,-0.1937,41.290964,55.808,8.2643,76.73,7.19,213.8977,0.12367,4.115007788120196,0.003,0
2024-07-15T11:43:08Z,6.218,11.9911,-0.0409,-0.1655,42.569896,57.538,8.2621,76.742,7.19,213.8652,0.12365,4.251665094673707,0.003,0
2024-07-15T11:43:08Z,6.219,11.9912,-0.0518,-0.2089,45.152086,61.034,8.2622,76.73,7.19,214.1151,0.12356,4.528470840548626,0.004,0
2024-07-15T11:43:08Z,6.22,11.9918,-0.0633,-0.2397,48.262104,65.249,8.2672,76.655,7.189,214.6817,0.12355,4.863915579490871,0.005,0
2024-07-15T11:43:08Z,6.221,11.9914,-0.0709,-0.2651,48.049074,64.975,8.2701,76.426,7.188,215.2097,0.12361,4.842099190872818,0.007,0
2024-07-15T11:43:08Z,6.223,11.991,-0.0697,-0.2771,44.544014,60.246,8.2715,75.902,7.188,215.5937,0.12366,4.465980922827591,0.007,0
2024-07-15T11:43:08Z,6.225,11.9886,-0.0567,-0.2473,41.941853,56.729,8.2723,74.975,7.188,216.0561,0.12372,4.188082028756926,0.006,0
2024-07-15T11:43:08Z,6.228,11.9818,-0.0467,-0.2801,41.217198,55.74,8.267,73.494,7.187,216.4124,0.12374,4.110852827296056,0.004,0
2024-07-15T11:43:08Z,6.229,11.9714,-0.0567,-0.3323,41.304228,55.842,8.2532,71.462,7.185,216.4596,0.12373,4.120030230317074,0.001,0
